full_path,size,mtime
C:\CFH\frontend\cypress.config.js,122,2025-05-29 04:08:34Z
C:\CFH\frontend\jest.config.js,247,2025-09-28 20:56:49Z
C:\CFH\frontend\vite.config.ts,910,2025-09-27 18:03:35Z
C:\CFH\frontend\src\App.jsx,5324,2025-09-27 21:19:30Z
C:\CFH\frontend\src\App.tsx,5342,2025-09-28 20:52:55Z
C:\CFH\frontend\src\index.jsx,688,2025-06-11 01:18:36Z
C:\CFH\frontend\src\index.tsx,706,2025-09-28 20:52:55Z
C:\CFH\frontend\packages\inspection-utils\index.ts,282,2025-06-17 04:52:44Z
C:\CFH\frontend\packages\inspection-utils\jest.config.js,523,2025-06-17 07:16:42Z
C:\CFH\frontend\src\components\AdminEmailNotifications.jsx,5260,2025-04-29 03:40:19Z
C:\CFH\frontend\src\components\AdminEmailNotifications.tsx,5278,2025-09-28 20:52:55Z
C:\CFH\frontend\src\hooks\useMechanicSocket.js,761,2025-05-05 20:15:04Z
C:\CFH\frontend\src\hooks\useMechanicSocket.test.js,691,2025-05-05 20:47:33Z
C:\CFH\frontend\src\hooks\useMechanicSocket.test.ts,709,2025-09-28 20:54:03Z
C:\CFH\frontend\src\hooks\useMechanicSocket.ts,779,2025-09-28 20:54:03Z
C:\CFH\frontend\src\i18n\i18n.ts,786,2025-06-11 07:07:43Z
C:\CFH\frontend\src\services\analyticsApi.ts,618,2025-06-13 02:19:53Z
C:\CFH\frontend\src\services\escrowApi.ts,1344,2025-06-11 06:38:18Z
C:\CFH\frontend\src\styles\theme.js,1092,2025-05-26 08:01:26Z
C:\CFH\frontend\src\styles\theme.ts,1110,2025-09-28 20:54:03Z
C:\CFH\frontend\src\tests\AIDiagnosticsAssistant.test.jsx,611,2025-05-05 20:47:33Z
C:\CFH\frontend\src\tests\AIDiagnosticsAssistant.test.tsx,1841,2025-09-29 19:37:10Z
C:\CFH\frontend\src\tests\auctionExportUtils.test.ts,3644,2025-07-22 06:09:48Z
C:\CFH\frontend\src\tests\BookingModal.test.tsx,4759,2025-07-22 06:02:14Z
C:\CFH\frontend\src\tests\BuyerCommunityForum.test.jsx,2602,2025-05-05 20:47:33Z
C:\CFH\frontend\src\tests\BuyerCommunityForum.test.tsx,3750,2025-09-29 19:37:18Z
C:\CFH\frontend\src\tests\BuyerLenderResults.test.js,3227,2025-05-03 00:32:46Z
C:\CFH\frontend\src\tests\BuyerLenderResults.test.ts,4620,2025-09-29 19:37:29Z
C:\CFH\frontend\src\tests\BuyerSearchPreferences.test.jsx,4671,2025-05-06 01:51:32Z
C:\CFH\frontend\src\tests\CarTransportCoordination.test.js,6925,2025-05-04 07:54:19Z
C:\CFH\frontend\src\tests\CollaborationChat.test.js,3727,2025-05-04 06:29:11Z
C:\CFH\frontend\src\tests\EscrowStatusSync.test.jsx,857,2025-05-05 20:47:33Z
C:\CFH\frontend\src\tests\EscrowStatusTracker.test.jsx,4941,2025-05-06 01:52:03Z
C:\CFH\frontend\src\tests\GuestDashboard.test.jsx,4969,2025-05-06 01:49:02Z
C:\CFH\frontend\src\tests\GuestDashboard.test50000.jsx,4236,2025-05-06 01:48:44Z
C:\CFH\frontend\src\tests\haulerBucket.test.ts,2285,2025-07-22 05:51:21Z
C:\CFH\frontend\src\tests\HaulerCollaboration.test.jsx,900,2025-05-05 20:47:33Z
C:\CFH\frontend\src\tests\HaulerCommunityBoard.test.jsx,456,2025-05-05 22:54:03Z
C:\CFH\frontend\src\tests\InspectionPhotoPreviewer.test.jsx,1092,2025-05-06 06:52:20Z
C:\CFH\frontend\src\tests\LenderExportPanel.test.js,2258,2025-05-03 00:33:36Z
C:\CFH\frontend\src\tests\MechanicDashboard.test.jsx,4234,2025-05-05 20:47:33Z
C:\CFH\frontend\src\tests\MechanicShiftPlanner.test.jsx,487,2025-05-05 20:47:33Z
C:\CFH\frontend\src\tests\OfficerDashboard.test.jsx,3113,2025-05-16 22:36:47Z
C:\CFH\frontend\src\tests\RiskAssessmentEngine.test.js,3466,2025-05-06 01:51:04Z
C:\CFH\frontend\src\tests\RouteRiskAnalysis.test.jsx,457,2025-05-05 22:46:04Z
C:\CFH\frontend\src\tests\SellerDeepAnalytics.test.jsx,978,2025-05-05 20:47:33Z
C:\CFH\frontend\src\tests\SellerExportPanel.test.jsx,839,2025-05-05 20:47:33Z
C:\CFH\frontend\src\tests\SellerReputationDashboard.test.js,3216,2025-05-03 00:33:13Z
C:\CFH\frontend\src\tests\SellerReputationDashboard.test.jsx,1455,2025-05-05 20:47:33Z
C:\CFH\frontend\src\tests\TaskCompletionButton.test.jsx,2301,2025-05-06 14:14:03Z
C:\CFH\frontend\src\tests\VehicleHealthTrendCharts.test.jsx,597,2025-05-05 20:47:33Z
C:\CFH\frontend\src\tests\VehicleInspectionModule.test.jsx,937,2025-05-05 20:47:33Z
C:\CFH\frontend\src\tests\VINDecoder.test.jsx,566,2025-05-05 20:47:33Z
C:\CFH\frontend\src\utils\export_delivery_pdf.ts,2779,2025-07-22 22:28:21Z
C:\CFH\frontend\src\utils\gamificationUtils.ts,391,2025-05-03 04:52:24Z
C:\CFH\frontend\src\utils\logger.ts,730,2025-09-27 20:58:14Z
C:\CFH\frontend\src\utils\RewardHelper.js,1809,2025-05-02 17:39:40Z
C:\CFH\frontend\src\utils\RewardHelper.ts,2292,2025-09-30 06:02:42Z
C:\CFH\frontend\src\utils\SocialShareHelper.js,7023,2025-05-28 04:24:00Z
C:\CFH\frontend\src\utils\SocialShareHelper.ts,10533,2025-09-30 06:02:59Z
C:\CFH\frontend\src\utils\useAuth.js,517,2025-04-24 05:23:44Z
C:\CFH\frontend\src\utils\useAuth.ts,1009,2025-09-30 06:03:08Z
C:\CFH\frontend\packages\inspection-utils\src\blurDetector.ts,982,2025-06-17 07:17:07Z
C:\CFH\frontend\packages\inspection-utils\tests\blurDetector.test.ts,1812,2025-06-17 07:19:52Z
C:\CFH\frontend\packages\inspection-utils\tests\__smoke__.test.ts,808,2025-06-17 07:18:25Z
C:\CFH\frontend\src\archive\hauler\haulerBucket.js,2350,2025-05-09 06:58:17Z
C:\CFH\frontend\src\archive\hauler\haulerBucket.ts,3007,2025-07-22 05:48:54Z
C:\CFH\frontend\src\archive\hauler\HaulerController.js,2443,2025-06-24 04:42:54Z
C:\CFH\frontend\src\archive\hauler\haulerReputationController.js,1108,2025-06-24 04:42:54Z
C:\CFH\frontend\src\components\admin\AdminAuctionOverview.jsx,3983,2025-05-12 17:36:23Z
C:\CFH\frontend\src\components\admin\AdminAuctionOverview.tsx,4940,2025-09-30 02:25:56Z
C:\CFH\frontend\src\components\admin\AdminCustomWidgetLibrary.jsx,5901,2025-05-05 20:47:33Z
C:\CFH\frontend\src\components\admin\AdminCustomWidgetLibrary.tsx,8306,2025-09-30 02:26:21Z
C:\CFH\frontend\src\components\admin\LiveDashboardHealthWidget.jsx,2756,2025-05-06 00:42:23Z
C:\CFH\frontend\src\components\admin\LiveDashboardHealthWidget.tsx,4040,2025-09-30 02:26:32Z
C:\CFH\frontend\src\components\ai\AIBadgeOverlay.js,2332,2025-05-16 22:36:44Z
C:\CFH\frontend\src\components\ai\AIBadgeOverlay.ts,3294,2025-09-30 05:44:19Z
C:\CFH\frontend\src\components\ai\AIPredictorDashboard.jsx,5301,2025-05-26 08:01:26Z
C:\CFH\frontend\src\components\ai\AIPredictorDashboard.tsx,7558,2025-09-30 05:44:34Z
C:\CFH\frontend\src\components\ai\AIScorePanel.js,2311,2025-05-16 22:36:44Z
C:\CFH\frontend\src\components\ai\AIScorePanel.ts,3435,2025-09-30 05:44:45Z
C:\CFH\frontend\src\components\ai\BidConfidenceMeter.jsx,3655,2025-05-17 20:20:10Z
C:\CFH\frontend\src\components\ai\BidConfidenceMeter.tsx,4640,2025-09-30 05:45:39Z
C:\CFH\frontend\src\components\ai\BidStrategyAdvisor.jsx,2683,2025-05-20 04:32:38Z
C:\CFH\frontend\src\components\ai\BidStrategyAdvisor.tsx,3572,2025-09-30 05:45:59Z
C:\CFH\frontend\src\components\ai\PredictiveComparison.jsx,5322,2025-05-18 05:29:38Z
C:\CFH\frontend\src\components\ai\PredictiveComparison.tsx,6515,2025-09-30 05:46:30Z
C:\CFH\frontend\src\components\ai\SmartInsightsWidget.js,2771,2025-05-15 19:41:03Z
C:\CFH\frontend\src\components\ai\SmartInsightsWidget.jsx,2704,2025-05-16 22:36:47Z
C:\CFH\frontend\src\components\ai\SmartInsightsWidget.ts,3915,2025-09-30 05:46:39Z
C:\CFH\frontend\src\components\ai\SmartInsightsWidget.tsx,4122,2025-09-30 05:46:48Z
C:\CFH\frontend\src\components\ai\TrustScoreViewer.jsx,3906,2025-05-17 18:29:02Z
C:\CFH\frontend\src\components\ai\TrustScoreViewer.tsx,5416,2025-09-30 05:47:03Z
C:\CFH\frontend\src\components\ai\ValuationAssistant.jsx,2443,2025-05-20 18:57:44Z
C:\CFH\frontend\src\components\ai\ValuationAssistant.tsx,4557,2025-09-30 06:04:16Z
C:\CFH\frontend\src\components\ai\ValuationLiveFeed.jsx,3301,2025-05-18 05:29:38Z
C:\CFH\frontend\src\components\ai\ValuationLiveFeed.tsx,5996,2025-09-30 06:04:29Z
C:\CFH\frontend\src\components\analytics\AnalyticsDashboard.tsx,17000,2025-07-02 17:10:41Z
C:\CFH\frontend\src\components\analytics\BIIntegrationPanel.tsx,6462,2025-07-02 18:13:52Z
C:\CFH\frontend\src\components\analytics\ChartWidget.tsx,7883,2025-07-02 17:24:22Z
C:\CFH\frontend\src\components\analytics\DataTable.tsx,11388,2025-07-02 17:27:53Z
C:\CFH\frontend\src\components\analytics\FilterPanel.tsx,12954,2025-07-02 17:21:37Z
C:\CFH\frontend\src\components\analytics\NLPQueryInput.tsx,5599,2025-07-02 17:34:47Z
C:\CFH\frontend\src\components\analytics\PredictiveGraph.tsx,10787,2025-07-02 17:30:34Z
C:\CFH\frontend\src\components\analytics\QualityCheckComponent.tsx,13450,2025-07-02 23:35:09Z
C:\CFH\frontend\src\components\arbitrator\ArbitratorAnalyticsPanel.jsx,3051,2025-05-16 22:36:44Z
C:\CFH\frontend\src\components\arbitrator\ArbitratorAnalyticsPanel.tsx,3380,2025-09-30 06:04:40Z
C:\CFH\frontend\src\components\arbitrator\ArbitratorDashboard.jsx,8655,2025-05-26 06:21:57Z
C:\CFH\frontend\src\components\arbitrator\ArbitratorDashboard.tsx,10782,2025-09-30 07:04:43Z
C:\CFH\frontend\src\components\auction\AuctionAccessibilityWrapper.jsx,4145,2025-05-09 06:58:17Z
C:\CFH\frontend\src\components\auction\AuctionAccessibilityWrapper.tsx,4412,2025-09-30 07:04:58Z
C:\CFH\frontend\src\components\auction\AuctionIntelligenceDashboard.jsx,6426,2025-05-26 08:01:26Z
C:\CFH\frontend\src\components\auction\AuctionIntelligenceDashboard.tsx,7687,2025-09-30 07:05:19Z
C:\CFH\frontend\src\components\auction\AuctionItemListing.tsx,9707,2025-07-03 20:35:26Z
C:\CFH\frontend\src\components\auction\AuctionLiveBidTracker.jsx,2893,2025-05-25 06:01:46Z
C:\CFH\frontend\src\components\auction\AuctionLiveBidTracker.tsx,4790,2025-09-30 07:05:40Z
C:\CFH\frontend\src\components\auction\AuctionManagement.tsx,23075,2025-07-03 05:37:26Z
C:\CFH\frontend\src\components\auction\AuctionPremiumInsightsPanel.jsx,4261,2025-05-11 00:41:09Z
C:\CFH\frontend\src\components\auction\AuctionPremiumInsightsPanel.tsx,6366,2025-09-30 07:05:56Z
C:\CFH\frontend\src\components\auction\AuctionSEOHead.jsx,2823,2025-05-11 00:41:09Z
C:\CFH\frontend\src\components\auction\AuctionSEOHead.tsx,4559,2025-09-30 07:06:08Z
C:\CFH\frontend\src\components\auction\LiveAuctionStream.tsx,8375,2025-07-03 21:51:59Z
C:\CFH\frontend\src\components\auction\SellerBadgePanel.jsx,2392,2025-05-13 01:20:21Z
C:\CFH\frontend\src\components\auction\SellerBadgePanel.tsx,2691,2025-09-30 07:06:17Z
C:\CFH\frontend\src\components\auth\Login.jsx,1672,2025-04-18 06:07:28Z
C:\CFH\frontend\src\components\auth\Login.tsx,2729,2025-09-30 07:06:26Z
C:\CFH\frontend\src\components\auth\LoginForm.jsx,1156,2025-04-17 21:31:47Z
C:\CFH\frontend\src\components\auth\LoginForm.tsx,2764,2025-09-30 07:06:33Z
C:\CFH\frontend\src\components\auth\ProtectedRoute.js,434,2025-04-23 15:24:08Z
C:\CFH\frontend\src\components\auth\ProtectedRoute.ts,1153,2025-09-30 07:06:42Z
C:\CFH\frontend\src\components\auth\Register.jsx,3141,2025-04-24 16:44:32Z
C:\CFH\frontend\src\components\auth\Register.tsx,4701,2025-09-30 07:06:52Z
C:\CFH\frontend\src\components\auth\Unauthorized.jsx,707,2025-04-23 21:52:28Z
C:\CFH\frontend\src\components\auth\Unauthorized.tsx,1117,2025-09-30 07:06:57Z
C:\CFH\frontend\src\components\blockchain\CryptoPaymentOption.jsx,3183,2025-05-25 05:30:42Z
C:\CFH\frontend\src\components\blockchain\CryptoPaymentOption.tsx,4327,2025-09-30 07:07:07Z
C:\CFH\frontend\src\components\body-shop\AIDamageSummary.tsx,5556,2025-07-05 01:22:08Z
C:\CFH\frontend\src\components\body-shop\BodyShopDiscoveryPage.tsx,29708,2025-07-04 15:50:49Z
C:\CFH\frontend\src\components\body-shop\BodyShopProfileView.tsx,21575,2025-07-04 16:06:25Z
C:\CFH\frontend\src\components\body-shop\CompareShopsTable.tsx,14727,2025-07-05 21:09:11Z
C:\CFH\frontend\src\components\body-shop\EstimateRequestForm.tsx,21108,2025-07-04 16:14:03Z
C:\CFH\frontend\src\components\body-shop\JobTrackingView.tsx,20497,2025-07-04 17:13:20Z
C:\CFH\frontend\src\components\body-shop\RepairJourneyShare.tsx,7754,2025-07-05 18:14:47Z
C:\CFH\frontend\src\components\body-shop\ShopOwnerDashboard.tsx,18672,2025-07-04 16:41:53Z
C:\CFH\frontend\src\components\body-shop\VirtualShopTour360.tsx,13730,2025-07-05 17:38:10Z
C:\CFH\frontend\src\components\buyer\AdminSmartAlertEngine.jsx,4682,2025-04-29 00:06:01Z
C:\CFH\frontend\src\components\buyer\AdminSmartAlertEngine.tsx,6064,2025-09-30 07:07:19Z
C:\CFH\frontend\src\components\buyer\ARCarPreview.jsx,8708,2025-05-01 04:28:48Z
C:\CFH\frontend\src\components\buyer\ARCarPreview.tsx,10845,2025-09-30 07:07:39Z
C:\CFH\frontend\src\components\buyer\AuctionResultsViewer.jsx,2971,2025-05-03 01:30:06Z
C:\CFH\frontend\src\components\buyer\AuctionResultsViewer.tsx,3486,2025-09-30 07:07:46Z
C:\CFH\frontend\src\components\buyer\BidAssistantSimulator.jsx,4012,2025-04-30 16:18:20Z
C:\CFH\frontend\src\components\buyer\BidAssistantSimulator.tsx,4902,2025-09-30 07:07:56Z
C:\CFH\frontend\src\components\buyer\BuyerAISuggestionEngine.jsx,4527,2025-04-29 05:10:59Z
C:\CFH\frontend\src\components\buyer\BuyerAISuggestionEngine.tsx,6225,2025-09-30 07:08:10Z
C:\CFH\frontend\src\components\buyer\BuyerAnalyticsDashboard.jsx,6659,2025-05-26 08:01:26Z
C:\CFH\frontend\src\components\buyer\BuyerAnalyticsDashboard.tsx,8076,2025-09-30 07:08:24Z
C:\CFH\frontend\src\components\buyer\BuyerAuctionHistory.js,2675,2025-05-15 14:44:58Z
C:\CFH\frontend\src\components\buyer\BuyerAuctionHistory.jsx,3466,2025-05-24 19:45:43Z
C:\CFH\frontend\src\components\buyer\BuyerAuctionHistory.ts,4698,2025-09-30 07:08:33Z
C:\CFH\frontend\src\components\buyer\BuyerAuctionHistory.tsx,4842,2025-09-30 07:08:47Z
C:\CFH\frontend\src\components\buyer\BuyerBehaviorTracker.jsx,2958,2025-04-29 05:10:59Z
C:\CFH\frontend\src\components\buyer\BuyerBehaviorTracker.tsx,4174,2025-09-30 07:09:00Z
C:\CFH\frontend\src\components\buyer\BuyerBidHistory.jsx,5529,2025-04-29 05:11:00Z
C:\CFH\frontend\src\components\buyer\BuyerBidHistory.tsx,7022,2025-09-30 07:09:12Z
C:\CFH\frontend\src\components\buyer\BuyerBidModal.jsx,3263,2025-05-20 06:18:55Z
C:\CFH\frontend\src\components\buyer\BuyerBidModal.tsx,5033,2025-09-30 07:09:23Z
C:\CFH\frontend\src\components\buyer\BuyerCarCompare.js,9557,2025-04-24 05:52:23Z
C:\CFH\frontend\src\components\buyer\BuyerCarCompare.ts,12187,2025-09-30 07:09:44Z
C:\CFH\frontend\src\components\buyer\BuyerCommunityForum.jsx,4629,2025-05-05 20:47:33Z
C:\CFH\frontend\src\components\buyer\BuyerCommunityForum.tsx,6172,2025-10-02 14:36:25Z
C:\CFH\frontend\src\components\buyer\BuyerContractPreviewer.jsx,5655,2025-05-03 08:04:13Z
C:\CFH\frontend\src\components\buyer\BuyerContractPreviewer.tsx,7383,2025-10-02 14:36:46Z
C:\CFH\frontend\src\components\buyer\BuyerDashboard.jsx,20734,2025-05-26 08:01:26Z
C:\CFH\frontend\src\components\buyer\BuyerDeliveryConfirmation.jsx,1718,2025-04-27 18:42:24Z
C:\CFH\frontend\src\components\buyer\BuyerEmailSettings.jsx,4501,2025-04-29 05:11:00Z
C:\CFH\frontend\src\components\buyer\BuyerEscrowStatus.jsx,5261,2025-04-29 04:28:46Z
C:\CFH\frontend\src\components\buyer\BuyerFinancingModal.jsx,4087,2025-05-14 04:17:45Z
C:\CFH\frontend\src\components\buyer\BuyerInspectionStatus.js,4419,2025-04-27 18:39:57Z
C:\CFH\frontend\src\components\buyer\BuyerLenderResults.jsx,5062,2025-05-03 06:25:43Z
C:\CFH\frontend\src\components\buyer\BuyerLoyaltyDashboard.jsx,7476,2025-05-26 08:01:26Z
C:\CFH\frontend\src\components\buyer\BuyerNotificationCenter.jsx,6536,2025-04-29 05:10:59Z
C:\CFH\frontend\src\components\buyer\BuyerOnboardingGuide.jsx,8088,2025-05-05 05:47:54Z
C:\CFH\frontend\src\components\buyer\BuyerPreferencesForm.jsx,5503,2025-04-24 05:52:42Z
C:\CFH\frontend\src\components\buyer\BuyerProgressBar.jsx,1020,2025-04-27 18:22:51Z
C:\CFH\frontend\src\components\buyer\BuyerSearchPreferences.jsx,4102,2025-05-05 20:47:33Z
C:\CFH\frontend\src\components\buyer\FinancingOffer.js,1078,2025-04-24 05:37:12Z
C:\CFH\frontend\src\components\buyer\FinancingOptionsChart.jsx,3769,2025-05-02 17:39:40Z
C:\CFH\frontend\src\components\chat\AuditTrail.jsx,921,2025-04-23 14:50:41Z
C:\CFH\frontend\src\components\chat\ChatInterface.jsx,3275,2025-04-24 07:28:38Z
C:\CFH\frontend\src\components\chat\CollaborationChat.jsx,6522,2025-05-04 07:45:25Z
C:\CFH\frontend\src\components\chat\MessageBubble.jsx,3001,2025-04-23 14:50:41Z
C:\CFH\frontend\src\components\common\BlockchainSnapshotViewer.jsx,2180,2025-05-13 01:09:14Z
C:\CFH\frontend\src\components\common\Button.jsx,1288,2025-04-19 00:06:41Z
C:\CFH\frontend\src\components\common\Card.jsx,423,2025-04-19 00:05:22Z
C:\CFH\frontend\src\components\common\ChatAttachmentPreviewer.jsx,1137,2025-04-23 13:42:16Z
C:\CFH\frontend\src\components\common\ChatAttachmentUploader.jsx,1939,2025-04-23 14:50:41Z
C:\CFH\frontend\src\components\common\CurrencyConverterWidget.jsx,5150,2025-06-19 07:12:29Z
C:\CFH\frontend\src\components\common\DocumentUploader.jsx,4232,2025-04-30 08:31:39Z
C:\CFH\frontend\src\components\common\ErrorBoundary.jsx,913,2025-04-19 00:04:14Z
C:\CFH\frontend\src\components\common\ErrorBoundary.tsx,1543,2025-06-19 02:46:35Z
C:\CFH\frontend\src\components\common\FeedbackForm.jsx,3306,2025-05-25 06:12:26Z
C:\CFH\frontend\src\components\common\HeatmapChart.jsx,2103,2025-05-13 01:11:07Z
C:\CFH\frontend\src\components\common\ImageUploader.jsx,1993,2025-04-21 17:39:15Z
C:\CFH\frontend\src\components\common\Input.jsx,1299,2025-04-19 00:05:57Z
C:\CFH\frontend\src\components\common\LanguageSelector.jsx,965,2025-05-03 01:22:01Z
C:\CFH\frontend\src\components\common\LoadingSpinner.jsx,871,2025-04-20 06:13:23Z
C:\CFH\frontend\src\components\common\Messaging.jsx,5091,2025-05-25 15:15:01Z
C:\CFH\frontend\src\components\common\MobileUXEnhancer.jsx,4612,2025-04-30 15:05:18Z
C:\CFH\frontend\src\components\common\MultiLanguageSupport.jsx,1636,2025-05-03 01:21:18Z
C:\CFH\frontend\src\components\common\Navbar.jsx,2149,2025-05-07 22:13:07Z
C:\CFH\frontend\src\components\common\NavbarMobileToggle.jsx,2859,2025-04-26 21:03:44Z
C:\CFH\frontend\src\components\common\NotificationPreferences.jsx,5100,2025-05-25 15:15:01Z
C:\CFH\frontend\src\components\common\PDFPreviewModal.jsx,2748,2025-05-03 16:44:25Z
C:\CFH\frontend\src\components\common\PhotoProofUpload.jsx,2493,2025-04-19 23:06:05Z
C:\CFH\frontend\src\components\common\PredictiveGraph.jsx,4126,2025-05-28 04:24:00Z
C:\CFH\frontend\src\components\common\PremiumFeature.jsx,1903,2025-05-01 20:49:06Z
C:\CFH\frontend\src\components\common\ProtectedRoute.jsx,402,2025-04-24 05:57:30Z
C:\CFH\frontend\src\components\common\SEOHead.jsx,1707,2025-05-26 08:01:26Z
C:\CFH\frontend\src\components\common\ToastManager.jsx,720,2025-05-29 04:27:40Z
C:\CFH\frontend\src\components\common\ToastWrapper.jsx,320,2025-04-26 20:51:18Z
C:\CFH\frontend\src\components\common\TrustAndAIExplainer.jsx,3257,2025-04-30 15:06:02Z
C:\CFH\frontend\src\components\common\UnifiedNotificationCenter.jsx,6205,2025-04-29 05:11:00Z
C:\CFH\frontend\src\components\common\UnreadNotificationBadge.jsx,1506,2025-04-26 19:32:20Z
C:\CFH\frontend\src\components\common\UserTrustBadges.jsx,1088,2025-04-30 07:52:53Z
C:\CFH\frontend\src\components\common\ValuationDisplay.jsx,3744,2025-05-28 04:24:00Z
C:\CFH\frontend\src\components\common\ValuationDisplay.tsx,769,2025-06-13 06:03:58Z
C:\CFH\frontend\src\components\community\CommunityForum.jsx,5948,2025-05-05 06:51:46Z
C:\CFH\frontend\src\components\community\CommunityLeaderboard.jsx,5673,2025-05-05 06:51:14Z
C:\CFH\frontend\src\components\contract\ContractPDFViewer.jsx,1670,2025-04-24 06:22:17Z
C:\CFH\frontend\src\components\contract\ContractSignaturePad.jsx,2049,2025-04-24 06:40:15Z
C:\CFH\frontend\src\components\contract\ContractSummary.jsx,2730,2025-05-16 22:36:47Z
C:\CFH\frontend\src\components\contract\ContractViewer.jsx,1684,2025-04-24 07:29:53Z
C:\CFH\frontend\src\components\disputes\DisputeAnalytics.jsx,5657,2025-05-02 17:39:40Z
C:\CFH\frontend\src\components\disputes\DisputeSimulator.jsx,5459,2025-05-02 17:39:40Z
C:\CFH\frontend\src\components\disputes\DisputeTimelineViewer.js,952,2025-04-23 04:50:29Z
C:\CFH\frontend\src\components\disputes\DownloadCaseBundleButton.js,1449,2025-04-23 05:33:27Z
C:\CFH\frontend\src\components\disputes\DownloadDisputePDFButton.js,1506,2025-04-23 04:38:21Z
C:\CFH\frontend\src\components\disputes\JudgeBadgeRenderer.js,1412,2025-04-23 05:01:02Z
C:\CFH\frontend\src\components\disputes\JudgeLeaderboard.js,2003,2025-04-23 05:03:10Z
C:\CFH\frontend\src\components\equity-hub\EquityIntelligenceHub.jsx,4018,2025-05-06 05:59:18Z
C:\CFH\frontend\src\components\escrow\EscrowAuditLogViewer.jsx,1085,2025-05-07 21:58:56Z
C:\CFH\frontend\src\components\escrow\EscrowConditionChecklist.jsx,4739,2025-04-28 06:48:21Z
C:\CFH\frontend\src\components\escrow\EscrowDashboard.jsx,7190,2025-05-26 08:01:26Z
C:\CFH\frontend\src\components\escrow\EscrowDocumentGallery.jsx,6110,2025-04-29 05:10:49Z
C:\CFH\frontend\src\components\escrow\EscrowDocumentUploader.jsx,8593,2025-04-28 06:34:20Z
C:\CFH\frontend\src\components\escrow\EscrowInfoPanel.js,1772,2025-05-03 05:10:59Z
C:\CFH\frontend\src\components\escrow\EscrowOfficerDashboard.jsx,6936,2025-05-26 08:01:26Z
C:\CFH\frontend\src\components\escrow\EscrowOfficerHook.js,1127,2025-05-07 22:24:22Z
C:\CFH\frontend\src\components\escrow\EscrowOfficerPremiumPanel.jsx,995,2025-05-07 21:58:37Z
C:\CFH\frontend\src\components\escrow\EscrowPaymentManager.jsx,3849,2025-05-07 21:58:37Z
C:\CFH\frontend\src\components\escrow\EscrowPaymentManagerNeedsChecking.jsx,1458,2025-05-07 21:58:37Z
C:\CFH\frontend\src\components\escrow\EscrowRoleGuard.jsx,464,2025-05-07 21:58:57Z
C:\CFH\frontend\src\components\escrow\EscrowSEOHead.jsx,734,2025-05-26 08:01:26Z
C:\CFH\frontend\src\components\escrow\EscrowStatusNotifier.jsx,6889,2025-04-28 06:38:33Z
C:\CFH\frontend\src\components\escrow\EscrowStatusTracker.jsx,4243,2025-05-05 20:47:33Z
C:\CFH\frontend\src\components\escrow\EscrowStatusViewer.jsx,4166,2025-05-17 04:28:26Z
C:\CFH\frontend\src\components\escrow\EscrowSyncAdminPanel.jsx,5997,2025-05-17 07:45:41Z
C:\CFH\frontend\src\components\escrow\EscrowTransaction.tsx,4969,2025-06-11 06:38:18Z
C:\CFH\frontend\src\components\escrow\EscrowTransactionDetailModal.jsx,3031,2025-05-07 22:54:21Z
C:\CFH\frontend\src\components\escrow\EscrowTransactionPDFExporter.js,2351,2025-05-07 22:25:53Z
C:\CFH\frontend\src\components\escrow\EscrowTransactionSearch.jsx,2817,2025-05-07 22:30:26Z
C:\CFH\frontend\src\components\escrow\EscrowUserAnalyticsPanel.jsx,784,2025-05-07 21:58:56Z
C:\CFH\frontend\src\components\finance\FinanceRiskAssessment.jsx,1959,2025-05-12 19:27:30Z
C:\CFH\frontend\src\components\gamification\AchievementPopup.jsx,1639,2025-05-21 12:21:15Z
C:\CFH\frontend\src\components\gamification\BadgeStorefront.jsx,2564,2025-05-21 04:03:52Z
C:\CFH\frontend\src\components\gamification\LeaderboardWidget.jsx,2076,2025-05-21 03:48:31Z
C:\CFH\frontend\src\components\guest\GuestDashboard.jsx,6921,2025-05-26 08:01:26Z
C:\CFH\frontend\src\components\hauler\BookingModal.jsx,3302,2025-05-09 06:58:17Z
C:\CFH\frontend\src\components\hauler\BookingModal.tsx,3924,2025-07-22 06:01:16Z
C:\CFH\frontend\src\components\hauler\CarTransportCoordination.jsx,17713,2025-05-06 14:08:07Z
C:\CFH\frontend\src\components\hauler\GeoStatusPanel.js,1470,2025-04-20 06:38:34Z
C:\CFH\frontend\src\components\hauler\HaulerAuctionDelivery.jsx,3159,2025-05-25 06:03:50Z
C:\CFH\frontend\src\components\hauler\HaulerCommunityBoard.jsx,2915,2025-05-05 06:17:58Z
C:\CFH\frontend\src\components\hauler\HaulerJobUploadForm.js,3739,2025-04-20 04:07:57Z
C:\CFH\frontend\src\components\hauler\HaulerLoyaltyDashboard.jsx,7014,2025-05-26 08:01:26Z
C:\CFH\frontend\src\components\hauler\HaulerReputationTracker.js,2263,2025-04-20 06:40:45Z
C:\CFH\frontend\src\components\hauler\hauler_job_details_page.tsx,4197,2025-07-22 22:48:47Z
C:\CFH\frontend\src\components\hauler\MissionCompletionLeaderboard.jsx,3967,2025-05-06 01:13:37Z
C:\CFH\frontend\src\components\hauler\PhotoEvidenceViewer.js,2508,2025-04-20 06:13:23Z
C:\CFH\frontend\src\components\hauler\RouteRiskAnalysis.jsx,2753,2025-05-05 20:47:33Z
C:\CFH\frontend\src\components\hauler\TransporterJobStatus.js,3363,2025-04-20 06:13:23Z
C:\CFH\frontend\src\components\hauler\TransporterLiveTracking.js,3064,2025-04-19 05:45:59Z
C:\CFH\frontend\src\components\inspections\InspectionIndexPage.js,4293,2025-04-19 08:25:14Z
C:\CFH\frontend\src\components\inspections\InspectionReportList.js,3365,2025-04-19 08:06:09Z
C:\CFH\frontend\src\components\inspections\InspectionReportViewerPage.js,6942,2025-04-19 08:09:41Z
C:\CFH\frontend\src\components\inspections\InspectionSearchBar.js,1675,2025-04-19 08:16:38Z
C:\CFH\frontend\src\components\inspections\PhotoUpload.tsx,6318,2025-06-19 02:02:14Z
C:\CFH\frontend\src\components\inspections\VRInspection.js,1178,2025-04-17 21:31:47Z
C:\CFH\frontend\src\components\insurance\ClaimsProcessor.jsx,2512,2025-05-05 07:01:48Z
C:\CFH\frontend\src\components\insurance\InsuranceAIModelPerformance.jsx,5194,2025-05-08 08:09:38Z
C:\CFH\frontend\src\components\insurance\InsuranceClaimsAnalytics.jsx,4953,2025-05-08 07:25:57Z
C:\CFH\frontend\src\components\insurance\InsuranceClaimsProcessor.jsx,5684,2025-05-08 07:18:27Z
C:\CFH\frontend\src\components\insurance\InsuranceComparison.js,794,2025-04-17 20:24:13Z
C:\CFH\frontend\src\components\insurance\InsuranceDashboard.js,2427,2025-05-26 01:02:33Z
C:\CFH\frontend\src\components\insurance\InsuranceOfficerDashboard.jsx,16230,2025-05-26 08:01:26Z
C:\CFH\frontend\src\components\insurance\InsurancePolicyManager.jsx,7493,2025-05-08 07:18:27Z
C:\CFH\frontend\src\components\insurance\InsuranceRoleGuard.jsx,2440,2025-05-08 07:18:27Z
C:\CFH\frontend\src\components\insurance\InsuranceSEOHead.jsx,2126,2025-05-08 07:18:27Z
C:\CFH\frontend\src\components\insurance\InsuranceUnderwritingChecklist.jsx,4986,2025-05-08 07:18:27Z
C:\CFH\frontend\src\components\insurance\InsurerInsightsChart.jsx,1879,2025-05-05 20:47:33Z
C:\CFH\frontend\src\components\insurance\PolicyReviewQueue.js,2882,2025-04-19 16:00:25Z
C:\CFH\frontend\src\components\insurance\QuoteSubmissionForm.js,3109,2025-04-19 15:50:01Z
C:\CFH\frontend\src\components\internal\TestRunnerDashboard.jsx,5576,2025-05-26 08:01:26Z
C:\CFH\frontend\src\components\judge\ArbitrationDashboard.js,2615,2025-05-30 01:27:10Z
C:\CFH\frontend\src\components\judge\DisputeAnalyticsPanel.jsx,4233,2025-05-05 06:37:39Z
C:\CFH\frontend\src\components\judge\JudgeDashboard.js,6321,2025-05-26 01:59:48Z
C:\CFH\frontend\src\components\judge\JudgePanelControls.jsx,1430,2025-04-30 08:13:22Z
C:\CFH\frontend\src\components\judge\SmartVerdictHint.jsx,2761,2025-05-30 01:45:55Z
C:\CFH\frontend\src\components\lender\BidDetailViewer.js,2022,2025-04-19 20:48:04Z
C:\CFH\frontend\src\components\lender\contractReviewController.js,2145,2025-04-19 16:14:11Z
C:\CFH\frontend\src\components\lender\FinancingOffer.js,1071,2025-04-23 15:51:22Z
C:\CFH\frontend\src\components\lender\LenderAnalyticsDashboard.js,3304,2025-05-26 01:02:33Z
C:\CFH\frontend\src\components\lender\LenderBidDetailCard.js,2259,2025-04-19 20:56:25Z
C:\CFH\frontend\src\components\lender\LenderBiddingDashboard.js,2797,2025-05-26 01:02:33Z
C:\CFH\frontend\src\components\lender\LenderContractReview.js,2952,2025-04-19 16:07:31Z
C:\CFH\frontend\src\components\lender\LenderContractSummary.js,4903,2025-04-19 19:12:53Z
C:\CFH\frontend\src\components\lender\LenderDashboard.js,5343,2025-05-26 01:02:33Z
C:\CFH\frontend\src\components\lender\LenderDashboard.jsx,7107,2025-05-26 08:01:26Z
C:\CFH\frontend\src\components\lender\LenderExportCenter.js,4711,2025-04-19 20:18:49Z
C:\CFH\frontend\src\components\lender\LenderExportPanel.js,3115,2025-04-19 20:32:32Z
C:\CFH\frontend\src\components\lender\LenderExportPanel.jsx,4988,2025-05-02 17:39:23Z
C:\CFH\frontend\src\components\lender\LenderInsightsPanel.js,3258,2025-04-19 06:38:09Z
C:\CFH\frontend\src\components\lender\LenderLoyaltyDashboard.jsx,6982,2025-05-26 16:55:56Z
C:\CFH\frontend\src\components\lender\LenderMatchListView.js,1758,2025-04-20 04:54:51Z
C:\CFH\frontend\src\components\lender\LenderMatchPreviewCard.js,2355,2025-04-20 04:54:51Z
C:\CFH\frontend\src\components\lender\LenderOnboardingForm.js,4622,2025-04-20 04:54:50Z
C:\CFH\frontend\src\components\lender\LenderPreApprovalDashboard.js,5247,2025-05-26 01:02:33Z
C:\CFH\frontend\src\components\lender\LenderProfilePage.js,4355,2025-04-20 06:13:23Z
C:\CFH\frontend\src\components\lender\lenderReputationController.js,2674,2025-04-19 19:39:02Z
C:\CFH\frontend\src\components\lender\LenderReputationSummary.js,2589,2025-04-19 19:58:27Z
C:\CFH\frontend\src\components\lender\LenderReputationTracker.js,6448,2025-04-19 20:36:07Z
C:\CFH\frontend\src\components\lender\LenderReviewDashboard.js,4102,2025-05-26 01:02:33Z
C:\CFH\frontend\src\components\lender\LenderTermsHistoryViewer.jsx,1500,2025-05-30 02:46:28Z
C:\CFH\frontend\src\components\lender\LoanComparison.js,3043,2025-04-19 06:39:12Z
C:\CFH\frontend\src\components\maas\BulkTitleTransfer.jsx,5395,2025-05-01 04:29:20Z
C:\CFH\frontend\src\components\maas\MaaSIntegration.jsx,6863,2025-05-02 06:16:31Z
C:\CFH\frontend\src\components\marketplace\ActivityOverview.jsx,2264,2025-05-03 07:49:05Z
C:\CFH\frontend\src\components\marketplace\BadgeDisplayPanel.jsx,1794,2025-05-03 07:46:13Z
C:\CFH\frontend\src\components\marketplace\BestFinancingDealCard.jsx,2222,2025-05-03 07:33:34Z
C:\CFH\frontend\src\components\marketplace\HaulerSummaryCard.jsx,2275,2025-05-03 07:34:09Z
C:\CFH\frontend\src\components\marketplace\MarketplaceComponent.tsx,9183,2025-06-22 22:12:48Z
C:\CFH\frontend\src\components\marketplace\MarketplaceInsightsDashboard.jsx,10059,2025-06-04 05:26:21Z
C:\CFH\frontend\src\components\mechanic\AIDiagnosticsAssistant.jsx,1936,2025-05-05 20:47:33Z
C:\CFH\frontend\src\components\mechanic\EscrowStatusSync.jsx,1327,2025-05-05 20:13:23Z
C:\CFH\frontend\src\components\mechanic\HaulerCollaboration.jsx,3353,2025-05-05 20:47:33Z
C:\CFH\frontend\src\components\mechanic\InspectionForm.js,2588,2025-05-05 20:47:33Z
C:\CFH\frontend\src\components\mechanic\InspectionPhotoPreviewer.jsx,4417,2025-06-19 02:00:34Z
C:\CFH\frontend\src\components\mechanic\InspectionReportPanel.jsx,2632,2025-05-05 20:47:33Z
C:\CFH\frontend\src\components\mechanic\InspectionReportViewer.js,3793,2025-05-05 20:47:33Z
C:\CFH\frontend\src\components\mechanic\LiveInspectionTaskFeed.jsx,2233,2025-05-06 14:34:44Z
C:\CFH\frontend\src\components\mechanic\MechanicBadgeConfettiPanel.jsx,1308,2025-05-06 16:13:46Z
C:\CFH\frontend\src\components\mechanic\MechanicBadgeDisplayPanel.jsx,2182,2025-05-06 15:17:17Z
C:\CFH\frontend\src\components\mechanic\MechanicBadgeImpactTracker.jsx,2021,2025-05-06 14:47:47Z
C:\CFH\frontend\src\components\mechanic\MechanicBadgeLeaderboard.jsx,2190,2025-05-06 16:01:13Z
C:\CFH\frontend\src\components\mechanic\MechanicBadgeProgressTracker.jsx,2062,2025-05-06 16:15:18Z
C:\CFH\frontend\src\components\mechanic\MechanicDashboard.jsx,9144,2025-05-26 08:01:26Z
C:\CFH\frontend\src\components\mechanic\MechanicInspectionDetail.js,3762,2025-04-19 06:46:16Z
C:\CFH\frontend\src\components\mechanic\MechanicInspectionForm.jsx,3261,2025-05-14 04:40:46Z
C:\CFH\frontend\src\components\mechanic\MechanicJobStatusBadge.jsx,1423,2025-05-06 14:22:34Z
C:\CFH\frontend\src\components\mechanic\MechanicMilestoneTracker.jsx,2442,2025-05-06 15:30:32Z
C:\CFH\frontend\src\components\mechanic\MechanicProgressReviewBoard.jsx,3069,2025-05-06 16:26:14Z
C:\CFH\frontend\src\components\mechanic\MechanicRepairHistoryTimeline.jsx,2260,2025-05-06 15:34:52Z
C:\CFH\frontend\src\components\mechanic\MechanicReportDashboard.jsx,5862,2025-05-26 08:01:26Z
C:\CFH\frontend\src\components\mechanic\MechanicReviewPanel.jsx,1923,2025-04-30 08:12:32Z
C:\CFH\frontend\src\components\mechanic\MechanicRewardConfetti.jsx,1788,2025-05-06 15:59:34Z
C:\CFH\frontend\src\components\mechanic\MechanicShiftPlanner.jsx,1109,2025-05-05 20:13:55Z
C:\CFH\frontend\src\components\mechanic\MechanicTaskHistoryTable.jsx,2145,2025-05-05 20:47:33Z
C:\CFH\frontend\src\components\mechanic\MechanicTaskOutcomeReporter.jsx,2237,2025-05-06 14:55:55Z
C:\CFH\frontend\src\components\mechanic\MechanicTaskReporter.jsx,2600,2025-05-06 14:59:24Z
C:\CFH\frontend\src\components\mechanic\MechanicTimelineCelebration.jsx,2262,2025-05-06 16:21:40Z
C:\CFH\frontend\src\components\mechanic\MechanicVRPhotoUploader.jsx,2663,2025-05-06 14:52:00Z
C:\CFH\frontend\src\components\mechanic\MechanicVRPreviewViewer.jsx,2287,2025-05-06 14:54:13Z
C:\CFH\frontend\src\components\mechanic\PremiumBadgeHintCard.jsx,2320,2025-05-06 16:36:16Z
C:\CFH\frontend\src\components\mechanic\RepairScheduler.jsx,2692,2025-05-05 20:47:33Z
C:\CFH\frontend\src\components\mechanic\SharedReportViewer.jsx,1436,2025-05-07 23:01:25Z
C:\CFH\frontend\src\components\mechanic\TaskCompletionButton.jsx,2022,2025-05-06 14:11:06Z
C:\CFH\frontend\src\components\mechanic\VehicleHealthTrendCharts.jsx,1998,2025-05-05 20:47:33Z
C:\CFH\frontend\src\components\mechanic\VehicleInspectionModule.jsx,4574,2025-05-05 20:47:33Z
C:\CFH\frontend\src\components\mechanic\VINDecoder.jsx,1735,2025-05-05 20:14:26Z
C:\CFH\frontend\src\components\mechanic\VRInspectionViewer.jsx,9527,2025-04-30 15:05:43Z
C:\CFH\frontend\src\components\mobile\MobileAnalytics.jsx,2482,2025-05-25 02:20:56Z
C:\CFH\frontend\src\components\mobile\MobileAuctionView.jsx,2870,2025-05-25 02:09:34Z
C:\CFH\frontend\src\components\mock\MockComponent.jsx,4891,2025-05-12 07:16:03Z
C:\CFH\frontend\src\components\needsHome\ARExperience.js,2768,2025-04-29 19:08:51Z
C:\CFH\frontend\src\components\needsHome\AutomationAgent.js,730,2025-04-17 20:24:13Z
C:\CFH\frontend\src\components\needsHome\BadgeDisplay.js,614,2025-04-18 06:14:46Z
C:\CFH\frontend\src\components\needsHome\BulkUpload.js,1960,2025-04-16 06:23:36Z
C:\CFH\frontend\src\components\needsHome\Button.js,1676,2025-04-18 17:12:31Z
C:\CFH\frontend\src\components\needsHome\CommunityDashboard.js,2840,2025-04-16 06:23:36Z
C:\CFH\frontend\src\components\needsHome\CommunityHub.js,725,2025-04-17 20:24:13Z
C:\CFH\frontend\src\components\needsHome\CommunityHubEnhanced.js,872,2025-04-17 20:24:13Z
C:\CFH\frontend\src\components\needsHome\CommunityModeratorDashboard.js,791,2025-04-17 20:24:13Z
C:\CFH\frontend\src\components\needsHome\ComplianceReviewerDashboard.js,829,2025-04-17 20:24:13Z
C:\CFH\frontend\src\components\needsHome\CrossBorderFinancing.js,799,2025-04-17 20:24:13Z
C:\CFH\frontend\src\components\needsHome\DynamicPricing.js,772,2025-04-17 20:24:13Z
C:\CFH\frontend\src\components\needsHome\FinancingCalculator.js,4055,2025-04-16 06:23:36Z
C:\CFH\frontend\src\components\needsHome\FraudDetection.js,779,2025-04-17 20:24:13Z
C:\CFH\frontend\src\components\needsHome\integrationReportValidation.js,4954,2025-04-29 19:11:44Z
C:\CFH\frontend\src\components\needsHome\Leaderboard.js,748,2025-04-17 21:31:47Z
C:\CFH\frontend\src\components\needsHome\LeaveReview.js,2593,2025-04-18 06:22:57Z
C:\CFH\frontend\src\components\needsHome\LoadingSpinner.js,802,2025-04-20 06:13:23Z
C:\CFH\frontend\src\components\needsHome\LoanComparison.js,776,2025-04-17 20:24:13Z
C:\CFH\frontend\src\components\needsHome\LoyaltyQuests.js,768,2025-04-17 20:24:13Z
C:\CFH\frontend\src\components\needsHome\MarketplaceInsights.js,716,2025-04-17 20:24:13Z
C:\CFH\frontend\src\components\needsHome\Messaging.js,2011,2025-04-16 06:23:36Z
C:\CFH\frontend\src\components\needsHome\Navbar.js,1505,2025-04-23 06:37:29Z
C:\CFH\frontend\src\components\needsHome\NotificationCenter.js,4073,2025-04-23 07:01:10Z
C:\CFH\frontend\src\components\needsHome\PaymentForm.js,1802,2025-04-17 21:31:47Z
C:\CFH\frontend\src\components\needsHome\ProtectedRoute.js,575,2025-04-18 06:09:17Z
C:\CFH\frontend\src\components\needsHome\ReferralAnalytics.js,817,2025-04-17 20:24:13Z
C:\CFH\frontend\src\components\needsHome\Register.js,3141,2025-04-24 16:07:10Z
C:\CFH\frontend\src\components\needsHome\RegisterForm.js,1513,2025-04-17 21:31:47Z
C:\CFH\frontend\src\components\needsHome\ReputationBadgeTier.js,667,2025-04-16 06:23:36Z
C:\CFH\frontend\src\components\needsHome\RoleActivityCharts.js,2712,2025-04-16 06:23:36Z
C:\CFH\frontend\src\components\needsHome\RoleSwitchWrapper.js,542,2025-04-18 06:16:34Z
C:\CFH\frontend\src\components\needsHome\SellerCreateListing.js,2094,2025-04-23 15:39:53Z
C:\CFH\frontend\src\components\needsHome\SellerDashboard.js,865,2025-04-17 20:24:13Z
C:\CFH\frontend\src\components\needsHome\SmartRecommendations.js,3577,2025-04-16 06:23:36Z
C:\CFH\frontend\src\components\needsHome\SupportCenter.js,814,2025-04-17 20:24:13Z
C:\CFH\frontend\src\components\needsHome\TradeInForm.js,1761,2025-04-17 21:31:47Z
C:\CFH\frontend\src\components\needsHome\useAuth.js,1413,2025-04-18 06:11:39Z
C:\CFH\frontend\src\components\needsHome\UserProfile.js,3390,2025-04-18 06:28:00Z
C:\CFH\frontend\src\components\needsHome\UserReviewList.js,2214,2025-04-18 06:21:15Z
C:\CFH\frontend\src\components\needsHome\VoiceInteraction.js,619,2025-04-17 20:24:13Z
C:\CFH\frontend\src\components\needsHome\VRViewer.js,553,2025-04-18 06:17:28Z
C:\CFH\frontend\src\components\notifications\AdminEmailNotifications.jsx,5274,2025-04-29 05:11:00Z
C:\CFH\frontend\src\components\notifications\NotificationCenter.jsx,4305,2025-04-26 20:49:05Z
C:\CFH\frontend\src\components\notifications\NotificationsComponent.tsx,8759,2025-06-23 01:15:27Z
C:\CFH\frontend\src\components\notifications\UnreadNotificationBadge.jsx,2026,2025-04-26 20:59:09Z
C:\CFH\frontend\src\components\officer\DisputeRadarWidget.jsx,7277,2025-05-20 19:03:29Z
C:\CFH\frontend\src\components\onboarding\FinancierOnboarding.js,1196,2025-04-17 20:24:13Z
C:\CFH\frontend\src\components\onboarding\OnboardingGuide.js,1168,2025-04-17 20:24:13Z
C:\CFH\frontend\src\components\onboarding\OnboardingTrigger.jsx,2364,2025-04-23 06:45:17Z
C:\CFH\frontend\src\components\onboarding\OnboardingWizard.jsx,4454,2025-05-25 03:56:24Z
C:\CFH\frontend\src\components\partner\PartnerPortal.jsx,981,2025-05-06 06:22:13Z
C:\CFH\frontend\src\components\premium\BadgeDisplay.jsx,2450,2025-05-25 03:47:55Z
C:\CFH\frontend\src\components\premium\LeaderboardDisplay.jsx,2554,2025-05-25 06:04:39Z
C:\CFH\frontend\src\components\premium\LiveStreamViewer.jsx,2936,2025-05-25 05:48:46Z
C:\CFH\frontend\src\components\premium\PredictiveAssistant.jsx,4538,2025-05-25 15:15:01Z
C:\CFH\frontend\src\components\premium\PremiumDashboard.jsx,3825,2025-05-26 08:01:26Z
C:\CFH\frontend\src\components\premium\PricingInsights.jsx,3020,2025-05-25 05:48:46Z
C:\CFH\frontend\src\components\premium\RecommendedAuctions.jsx,2767,2025-05-25 05:10:57Z
C:\CFH\frontend\src\components\premium\SupportChatWidget.jsx,4225,2025-05-25 04:48:03Z
C:\CFH\frontend\src\components\premium\SustainabilityMetrics.jsx,3061,2025-05-25 00:36:02Z
C:\CFH\frontend\src\components\premium\VRTourLauncher.jsx,2462,2025-05-25 02:41:42Z
C:\CFH\frontend\src\components\recommendations\AdvancedSmartRecommendations.js,4313,2025-04-19 18:16:40Z
C:\CFH\frontend\src\components\recommendations\AIInsights.js,688,2025-04-17 20:24:13Z
C:\CFH\frontend\src\components\recommendations\AIRecommendations.js,742,2025-04-17 21:31:47Z
C:\CFH\frontend\src\components\recommendations\loanRecommendationController.js,4313,2025-04-19 18:22:02Z
C:\CFH\frontend\src\components\recommendations\SustainabilityScoring.js,722,2025-04-17 20:24:13Z
C:\CFH\frontend\src\components\seller\AISuggestionEngine.js,2034,2025-04-21 17:52:44Z
C:\CFH\frontend\src\components\seller\CreateListingForm.js,1505,2025-04-24 05:36:11Z
C:\CFH\frontend\src\components\seller\SellerAchievementTracker.jsx,4019,2025-04-29 05:11:00Z
C:\CFH\frontend\src\components\seller\SellerActionPanel.jsx,2533,2025-04-29 05:10:49Z
C:\CFH\frontend\src\components\seller\SellerActivityInsights.jsx,4201,2025-04-28 04:22:24Z
C:\CFH\frontend\src\components\seller\SellerActivityTimeline.jsx,3021,2025-04-28 02:13:46Z
C:\CFH\frontend\src\components\seller\SellerAnalyticsChart.jsx,3214,2025-05-24 20:47:39Z
C:\CFH\frontend\src\components\seller\SellerAuctionForm.jsx,4877,2025-05-24 20:24:33Z
C:\CFH\frontend\src\components\seller\SellerAuctionStarter.jsx,6170,2025-04-28 02:56:05Z
C:\CFH\frontend\src\components\seller\SellerAuctionStatus.jsx,2595,2025-05-24 20:11:10Z
C:\CFH\frontend\src\components\seller\SellerBadgesPage.jsx,3573,2025-04-29 05:10:49Z
C:\CFH\frontend\src\components\seller\SellerContractManager.jsx,5319,2025-04-28 03:01:31Z
C:\CFH\frontend\src\components\seller\SellerCreateListing.jsx,5374,2025-04-28 01:55:12Z
C:\CFH\frontend\src\components\seller\SellerCustomerTestimonials.jsx,6016,2025-04-28 04:32:07Z
C:\CFH\frontend\src\components\seller\SellerDashboard.jsx,4260,2025-05-26 08:01:26Z
C:\CFH\frontend\src\components\seller\SellerDeepAnalytics.jsx,2484,2025-05-05 20:47:33Z
C:\CFH\frontend\src\components\seller\SellerDisputeCenter.jsx,5157,2025-04-29 05:10:49Z
C:\CFH\frontend\src\components\seller\SellerDocVault.jsx,7394,2025-04-28 04:17:54Z
C:\CFH\frontend\src\components\seller\SellerEditListing.jsx,4809,2025-04-28 02:56:57Z
C:\CFH\frontend\src\components\seller\SellerEmailSettings.jsx,5339,2025-04-29 05:11:00Z
C:\CFH\frontend\src\components\seller\SellerEngagementLeaderboard.jsx,5775,2025-04-28 04:25:37Z
C:\CFH\frontend\src\components\seller\SellerEscrowStatus.jsx,5076,2025-04-29 04:07:03Z
C:\CFH\frontend\src\components\seller\SellerExperienceLevel.jsx,2935,2025-04-28 04:47:14Z
C:\CFH\frontend\src\components\seller\SellerExportPanel.jsx,3107,2025-05-05 20:47:33Z
C:\CFH\frontend\src\components\seller\SellerGalleryManager.jsx,6259,2025-04-29 05:10:49Z
C:\CFH\frontend\src\components\seller\SellerInventoryList.jsx,2620,2025-05-24 20:14:19Z
C:\CFH\frontend\src\components\seller\SellerKPIWidget.jsx,3043,2025-04-28 04:19:57Z
C:\CFH\frontend\src\components\seller\SellerListingEdit.jsx,8187,2025-04-29 05:10:49Z
C:\CFH\frontend\src\components\seller\SellerListingGallery.jsx,5479,2025-04-28 01:56:20Z
C:\CFH\frontend\src\components\seller\SellerManageListings.jsx,7810,2025-04-29 05:10:49Z
C:\CFH\frontend\src\components\seller\SellerMarketTrendInsights.jsx,5475,2025-04-28 05:04:25Z
C:\CFH\frontend\src\components\seller\SellerMilestoneCelebrator.jsx,6387,2025-04-28 04:34:44Z
C:\CFH\frontend\src\components\seller\SellerMissionCenter.jsx,5368,2025-04-28 04:13:57Z
C:\CFH\frontend\src\components\seller\SellerNotificationCenter.jsx,6577,2025-04-29 05:11:00Z
C:\CFH\frontend\src\components\seller\SellerNotifications.jsx,2527,2025-05-24 20:47:39Z
C:\CFH\frontend\src\components\seller\SellerOfferTracker.jsx,4255,2025-04-28 02:14:09Z
C:\CFH\frontend\src\components\seller\SellerOnboardingGuide.jsx,4023,2025-04-29 05:03:58Z
C:\CFH\frontend\src\components\seller\SellerPerformanceComparison.jsx,5061,2025-04-28 04:32:32Z
C:\CFH\frontend\src\components\seller\SellerPricingTool.js,2598,2025-04-16 06:23:36Z
C:\CFH\frontend\src\components\seller\SellerProfileCard.jsx,3991,2025-04-29 04:18:35Z
C:\CFH\frontend\src\components\seller\SellerReputationDashboard.jsx,11788,2025-05-26 08:01:26Z
C:\CFH\frontend\src\components\seller\SellerReviewSummary.jsx,3908,2025-04-28 04:47:34Z
C:\CFH\frontend\src\components\seller\SellerRewardsBadgeDisplay.jsx,5106,2025-04-28 04:12:34Z
C:\CFH\frontend\src\components\seller\SellerSalesAnalytics.jsx,3029,2025-04-28 01:59:51Z
C:\CFH\frontend\src\components\seller\SellerSalesFunnelOverview.jsx,4923,2025-04-28 04:56:18Z
C:\CFH\frontend\src\components\seller\SellerSmartBadgeSystem.jsx,6928,2025-04-28 05:13:06Z
C:\CFH\frontend\src\components\seller\SellerSuccessTips.jsx,2924,2025-04-28 03:34:28Z
C:\CFH\frontend\src\components\seller\SellerViewListing.jsx,5442,2025-04-28 02:46:39Z
C:\CFH\frontend\src\components\seller\StartAuctionForm.js,1761,2025-04-23 21:50:46Z
C:\CFH\frontend\src\components\storage\StorageARNavigationApp.jsx,1557,2025-05-12 19:27:30Z
C:\CFH\frontend\src\components\storage\StorageAssignmentForm.jsx,1995,2025-05-12 19:27:30Z
C:\CFH\frontend\src\components\storage\StorageHostDashboard.js,3185,2025-05-25 23:32:34Z
C:\CFH\frontend\src\components\storage\StorageInventoryTracker.jsx,3328,2025-05-14 17:06:27Z
C:\CFH\frontend\src\components\support\SupportChatWidget.jsx,3461,2025-05-24 19:49:22Z
C:\CFH\frontend\src\components\support\SupportDashboard.jsx,5954,2025-05-26 08:01:26Z
C:\CFH\frontend\src\components\support\SupportTicketAnalytics.jsx,7574,2025-05-24 19:08:05Z
C:\CFH\frontend\src\components\support\SupportTicketForm.jsx,2666,2025-05-24 19:10:02Z
C:\CFH\frontend\src\components\support\SupportTicketFormInLineFromGrok.jsx,2666,2025-05-24 17:55:06Z
C:\CFH\frontend\src\components\tinting\TintingServiceDiscovery.tsx,5570,2025-07-01 00:40:16Z
C:\CFH\frontend\src\components\tinting\WindowTintingScheduler.tsx,4665,2025-07-01 00:10:04Z
C:\CFH\frontend\src\components\title\BulkTitleTransfer.jsx,5395,2025-05-01 04:30:46Z
C:\CFH\frontend\src\components\title\TitleAgentDashboard.js,4202,2025-05-26 01:03:43Z
C:\CFH\frontend\src\components\title\TitleTransferQueue.js,2542,2025-04-19 15:47:55Z
C:\CFH\frontend\src\components\title\TitleVerificationForm.js,2757,2025-04-19 15:46:03Z
C:\CFH\frontend\src\components\user\PointsHistory.jsx,4105,2025-06-22 19:36:59Z
C:\CFH\frontend\src\components\user\UserProfilePage.jsx,5289,2025-06-22 19:36:11Z
C:\CFH\frontend\src\components\valuation\ARConditionScanner.test.tsx,2183,2025-07-01 03:13:41Z
C:\CFH\frontend\src\components\valuation\ARConditionScanner.tsx,1867,2025-07-01 03:08:13Z
C:\CFH\frontend\src\components\valuation\ValuationPortfolio.test.tsx,2175,2025-07-01 03:13:08Z
C:\CFH\frontend\src\components\valuation\ValuationPortfolio.tsx,2203,2025-07-01 03:07:28Z
C:\CFH\frontend\src\components\valuation\ValuationReport.test.tsx,2851,2025-07-01 03:12:37Z
C:\CFH\frontend\src\components\valuation\ValuationReport.tsx,1984,2025-07-01 03:06:45Z
C:\CFH\frontend\src\components\valuation\VehicleValuation.test.tsx,2925,2025-07-01 03:11:59Z
C:\CFH\frontend\src\components\valuation\VehicleValuation.tsx,3932,2025-07-01 03:06:09Z
C:\CFH\frontend\src\hooks\escrow\EscrowOfficerHook.js,1047,2025-05-07 21:58:57Z
C:\CFH\frontend\src\hooks\escrow\EscrowOfficerHook.ts,2460,2025-09-30 06:04:06Z
C:\CFH\frontend\src\services\api\auction.ts,308,2025-09-27 21:04:16Z
C:\CFH\frontend\src\services\api\communication.ts,308,2025-09-27 21:04:16Z
C:\CFH\frontend\src\services\api\financing.ts,308,2025-09-27 21:04:17Z
C:\CFH\frontend\src\services\api\index.ts,432,2025-09-27 21:02:59Z
C:\CFH\frontend\src\services\api\insurance.ts,308,2025-09-27 21:04:17Z
C:\CFH\frontend\src\services\api\inventory.ts,308,2025-09-27 21:04:17Z
C:\CFH\frontend\src\services\api\mechanic.ts,308,2025-09-27 21:04:17Z
C:\CFH\frontend\src\services\api\storage.ts,308,2025-09-27 21:04:17Z
C:\CFH\frontend\src\services\api\user.ts,308,2025-09-27 21:04:17Z
C:\CFH\frontend\src\tests\ai\AIBadgeOverlay.test.js,1326,2025-05-16 22:36:44Z
C:\CFH\frontend\src\tests\ai\AIScorePanel.test.js,1222,2025-05-16 22:36:44Z
C:\CFH\frontend\src\tests\ai\BidConfidenceMeter.test.jsx,3360,2025-05-17 18:18:12Z
C:\CFH\frontend\src\tests\ai\BidStrategyAdvisor.test.jsx,3423,2025-05-20 04:32:38Z
C:\CFH\frontend\src\tests\ai\PredictiveComparison.test.jsx,13651,2025-05-20 16:54:32Z
C:\CFH\frontend\src\tests\ai\SmartInsightsWidget.test.js,1706,2025-05-15 19:21:26Z
C:\CFH\frontend\src\tests\ai\TrustScoreViewer.test.jsx,3551,2025-05-17 18:29:55Z
C:\CFH\frontend\src\tests\ai\ValuationAssistant.test.jsx,2975,2025-05-20 18:57:48Z
C:\CFH\frontend\src\tests\ai\ValuationLiveFeed.test.jsx,14050,2025-05-20 07:33:40Z
C:\CFH\frontend\src\tests\analytics\AnalyticsDashboard.test.tsx,923,2025-06-13 02:06:42Z
C:\CFH\frontend\src\tests\analytics\ChartWidget.test.tsx,620,2025-06-13 02:06:49Z
C:\CFH\frontend\src\tests\analytics\FilterPanel.test.tsx,849,2025-06-13 02:06:55Z
C:\CFH\frontend\src\tests\analytics\test.tsx,8789,2025-07-02 23:31:53Z
C:\CFH\frontend\src\tests\arbitrator\ArbitratorAnalyticsPanel.test.jsx,2034,2025-05-16 22:36:44Z
C:\CFH\frontend\src\tests\arbitrator\ArbitratorDashboard.test.jsx,2387,2025-05-16 22:36:44Z
C:\CFH\frontend\src\tests\auction\AuctionIntegrationTest.js,3536,2025-05-11 00:41:09Z
C:\CFH\frontend\src\tests\auction\AuctionIntelligenceDashboard.test.jsx,3689,2025-05-09 06:58:17Z
C:\CFH\frontend\src\tests\auction\AuctionPremiumInsightsPanel.test.jsx,3615,2025-05-11 00:41:09Z
C:\CFH\frontend\src\tests\buyer\BuyerAuctionHistory.test.jsx,2695,2025-05-24 19:47:29Z
C:\CFH\frontend\src\tests\buyer\BuyerBidModal.test.jsx,2705,2025-05-20 06:23:20Z
C:\CFH\frontend\src\tests\buyer\BuyerContractView.test.jsx,1738,2025-05-15 14:44:58Z
C:\CFH\frontend\src\tests\buyer\BuyerDeliveryTracker.test.jsx,1673,2025-05-15 14:44:58Z
C:\CFH\frontend\src\tests\buyer\BuyerFinancingOffers.test.jsx,1727,2025-05-15 14:44:58Z
C:\CFH\frontend\src\tests\buyer\BuyerTitleTracker.test.jsx,1594,2025-05-15 14:44:58Z
C:\CFH\frontend\src\tests\components\UserProfilePage.test.jsx,3984,2025-06-20 08:10:45Z
C:\CFH\frontend\src\tests\contracts\ContractSummary.test.jsx,2291,2025-05-17 02:34:25Z
C:\CFH\frontend\src\tests\equity-hub\EquityIntelligenceHub.test.jsx,2532,2025-05-11 00:41:09Z
C:\CFH\frontend\src\tests\escrow\EscrowOfficerDashboard.test.jsx,2428,2025-05-07 22:42:31Z
C:\CFH\frontend\src\tests\escrow\EscrowStatusViewer.test.jsx,4181,2025-05-17 04:30:30Z
C:\CFH\frontend\src\tests\escrow\EscrowSyncAdminPanel.test.jsx,5011,2025-05-17 07:45:44Z
C:\CFH\frontend\src\tests\escrow\EscrowTransaction.test.tsx,2305,2025-06-11 06:38:18Z
C:\CFH\frontend\src\tests\finance\FinanceRiskAssessment.test.jsx,1952,2025-05-12 19:27:30Z
C:\CFH\frontend\src\tests\gamification\AchievementPopup.test.jsx,2246,2025-05-21 20:33:55Z
C:\CFH\frontend\src\tests\gamification\BadgeStorefront.test.jsx,3282,2025-05-21 04:41:33Z
C:\CFH\frontend\src\tests\hauler\HaulerAuctionDelivery.test.jsx,3382,2025-05-12 19:27:17Z
C:\CFH\frontend\src\tests\insurance\InsuranceAIModelPerformance.test.jsx,4157,2025-05-09 06:58:17Z
C:\CFH\frontend\src\tests\insurance\InsuranceClaimsAnalytics.test.jsx,5064,2025-05-08 07:35:45Z
C:\CFH\frontend\src\tests\insurance\InsuranceClaimsProcessor.test.jsx,4409,2025-05-08 07:18:27Z
C:\CFH\frontend\src\tests\insurance\InsuranceOfficerDashboard.test.jsx,3113,2025-05-08 01:32:27Z
C:\CFH\frontend\src\tests\judge\SmartVerdictHint.test.jsx,2274,2025-06-07 19:34:57Z
C:\CFH\frontend\src\tests\lender\LenderTermsHistoryViewer.test.jsx,1433,2025-05-30 02:45:45Z
C:\CFH\frontend\src\tests\marketplace\MarketplaceInsightsDashboard.test.jsx,5028,2025-06-04 05:59:20Z
C:\CFH\frontend\src\tests\mechanic\MechanicInspectionForm.test.jsx,3828,2025-05-14 04:45:17Z
C:\CFH\frontend\src\tests\mobile\MobileAnalytics.test.jsx,2201,2025-05-25 02:21:33Z
C:\CFH\frontend\src\tests\mobile\MobileAuctionView.test.jsx,2971,2025-05-25 02:10:23Z
C:\CFH\frontend\src\tests\officer\DisputeRadarWidget.test.jsx,7994,2025-05-20 19:03:05Z
C:\CFH\frontend\src\tests\onboarding\OnboardingWizard.test.jsx,3100,2025-05-25 03:56:24Z
C:\CFH\frontend\src\tests\premium\BadgeDisplay.test.jsx,2300,2025-05-25 03:47:55Z
C:\CFH\frontend\src\tests\premium\PremiumDashboard.test.jsx,2584,2025-05-25 04:21:39Z
C:\CFH\frontend\src\tests\premium\PricingInsights.test.jsx,2606,2025-05-25 04:53:08Z
C:\CFH\frontend\src\tests\premium\RecommendedAuctions.test.jsx,2586,2025-05-25 05:11:29Z
C:\CFH\frontend\src\tests\premium\SupportChatWidget.test.jsx,2966,2025-05-25 04:48:33Z
C:\CFH\frontend\src\tests\premium\VRTourLauncher.jsx,2610,2025-05-25 02:43:29Z
C:\CFH\frontend\src\tests\seller\SellerAnalyticsChart.test.jsx,2450,2025-05-24 20:47:39Z
C:\CFH\frontend\src\tests\seller\SellerAuctionForm.test.jsx,4024,2025-05-24 20:25:17Z
C:\CFH\frontend\src\tests\seller\SellerAuctionStatus.test.jsx,2696,2025-05-24 20:11:56Z
C:\CFH\frontend\src\tests\seller\SellerDashboard.test.jsx,3156,2025-05-24 20:22:43Z
C:\CFH\frontend\src\tests\seller\SellerInventoryList.test.jsx,2760,2025-05-24 20:15:13Z
C:\CFH\frontend\src\tests\seller\SellerNotifications.test.jsx,2632,2025-05-24 20:47:39Z
C:\CFH\frontend\src\tests\storage\StorageARNavigationApp.test.jsx,1519,2025-05-12 19:27:30Z
C:\CFH\frontend\src\tests\storage\StorageAssignmentForm.test.jsx,2154,2025-05-12 19:27:30Z
C:\CFH\frontend\src\tests\storage\StorageInventoryTracker.test.jsx,1777,2025-05-20 17:13:47Z
C:\CFH\frontend\src\tests\support\SupportChatWidget.test.jsx,2848,2025-05-24 19:51:06Z
C:\CFH\frontend\src\tests\support\SupportDashboard.test.jsx,2597,2025-05-12 21:39:45Z
C:\CFH\frontend\src\tests\support\SupportTicketAnalytics.test.jsx,6275,2025-05-24 19:09:17Z
C:\CFH\frontend\src\tests\support\SupportTicketForm.test.jsx,1966,2025-05-15 14:44:58Z
C:\CFH\frontend\src\tests\user\PointsHistory.test.jsx,3455,2025-06-18 23:58:06Z
C:\CFH\frontend\src\tests\user\UserProfilePage.test.jsx,3832,2025-06-23 01:42:01Z
C:\CFH\frontend\src\tests\utils\SocialShareHelper.test.js,3861,2025-05-28 04:24:00Z
C:\CFH\frontend\src\utils\auction\auctionExportUtils.jsx,7988,2025-05-26 21:33:30Z
C:\CFH\frontend\src\utils\auction\auctionExportUtils.test.jsx,4543,2025-05-26 21:33:52Z
C:\CFH\frontend\src\utils\auction\auctionExportUtils.ts,5762,2025-07-22 06:05:36Z
C:\CFH\frontend\src\utils\auction\auctionExportUtils.tsx,11485,2025-09-30 06:03:40Z
C:\CFH\frontend\src\utils\graph\GraphExportService.js,2036,2025-05-28 04:24:00Z
C:\CFH\frontend\src\utils\graph\GraphExportService.ts,3375,2025-09-30 06:03:49Z
C:\CFH\frontend\src\utils\inspection\blurDetector.ts,1212,2025-06-17 04:19:53Z
C:\CFH\frontend\src\utils\inspection\submitInspectionToBackend.js,1100,2025-05-05 20:47:33Z
C:\CFH\frontend\src\utils\inspection\submitInspectionToBackend.ts,3023,2025-09-30 06:03:58Z
C:\CFH\frontend\tests\components\body-shop\AIDamageSummary.test.tsx,7610,2025-07-05 01:25:11Z
C:\CFH\frontend\tests\components\body-shop\CompareShopsTable.test.tsx,13865,2025-07-05 21:14:39Z
C:\CFH\frontend\tests\components\body-shop\JobTrackingView.test.tsx,13687,2025-07-04 17:54:01Z
C:\CFH\frontend\tests\components\body-shop\PartsOrderForm.test.tsx,10037,2025-07-05 17:57:27Z
C:\CFH\frontend\tests\components\body-shop\RepairJourneyShare.test.tsx,11515,2025-07-05 18:15:13Z
C:\CFH\frontend\tests\components\body-shop\ShopOwnerDashboard.test.tsx,14229,2025-07-04 17:48:42Z
C:\CFH\frontend\tests\components\body-shop\VirtualShopTour360.test.tsx,11537,2025-07-05 17:51:24Z
C:\CFH\frontend\src\components\admin\analytics\AdminEngagementAnalytics.jsx,982,2025-05-06 00:47:37Z
C:\CFH\frontend\src\components\admin\analytics\AdminRoleAnalytics.jsx,1671,2025-04-18 07:04:25Z
C:\CFH\frontend\src\components\admin\arbitration\AdminArbitrationDashboard.jsx,3554,2025-05-28 20:13:11Z
C:\CFH\frontend\src\components\admin\auction\AdminAuctionOverview.jsx,3991,2025-05-14 04:59:40Z
C:\CFH\frontend\src\components\admin\badges\AdminBadgeAuditLog.jsx,2607,2025-04-18 19:42:24Z
C:\CFH\frontend\src\components\admin\compliance\AdminComplianceDashboard.jsx,13807,2025-05-26 06:21:57Z
C:\CFH\frontend\src\components\admin\contract\AdminContractTemplates.jsx,3268,2025-04-18 19:33:44Z
C:\CFH\frontend\src\components\admin\dashboard\AdminDashboard.jsx,3023,2025-05-26 06:21:57Z
C:\CFH\frontend\src\components\admin\dashboard\AdminKPIWidget.jsx,671,2025-04-27 00:32:25Z
C:\CFH\frontend\src\components\admin\dashboard\AdminSummaryPanel.jsx,1322,2025-04-27 03:43:38Z
C:\CFH\frontend\src\components\admin\disputes\AdminDisputeAnalytics.jsx,4963,2025-05-02 17:39:40Z
C:\CFH\frontend\src\components\admin\disputes\AdminDisputeArchive.jsx,2675,2025-04-18 19:39:08Z
C:\CFH\frontend\src\components\admin\disputes\AdminDisputeDashboard.jsx,4392,2025-05-26 06:21:57Z
C:\CFH\frontend\src\components\admin\disputes\AdminDisputeIndex.jsx,2237,2025-04-23 00:46:54Z
C:\CFH\frontend\src\components\admin\disputes\DisputeReview.jsx,1533,2025-04-23 21:47:10Z
C:\CFH\frontend\src\components\admin\disputes\DisputeSummaryView.jsx,2030,2025-04-30 08:31:25Z
C:\CFH\frontend\src\components\admin\disputes\StartAuctionForm.jsx,1761,2025-04-23 21:49:43Z
C:\CFH\frontend\src\components\admin\escrow\AdminEscrowClaim.jsx,3921,2025-04-28 05:35:48Z
C:\CFH\frontend\src\components\admin\escrow\AdminEscrowMonitor.jsx,3612,2025-04-28 05:34:56Z
C:\CFH\frontend\src\components\admin\export\AdminReportExport.jsx,1916,2025-04-18 07:09:44Z
C:\CFH\frontend\src\components\admin\finance\AdminFinancialOverview.jsx,2988,2025-04-27 21:51:43Z
C:\CFH\frontend\src\components\admin\health\AdminSystemHealth.jsx,2764,2025-04-27 04:19:50Z
C:\CFH\frontend\src\components\admin\insights\AdminInsights.jsx,2119,2025-04-18 06:52:40Z
C:\CFH\frontend\src\components\admin\layout\AdminLayout.jsx,1178,2025-04-27 03:44:18Z
C:\CFH\frontend\src\components\admin\layout\AdminNavigation.jsx,1553,2025-04-16 06:23:36Z
C:\CFH\frontend\src\components\admin\layout\AdminSidebar.jsx,1980,2025-04-27 03:41:08Z
C:\CFH\frontend\src\components\admin\layout\AdminTopbar.jsx,1368,2025-04-27 03:41:38Z
C:\CFH\frontend\src\components\admin\logins\AdminLoginHistory.jsx,2270,2025-04-18 19:44:04Z
C:\CFH\frontend\src\components\admin\loyalty\AdminLoyaltyRewards.jsx,2857,2025-04-18 19:44:58Z
C:\CFH\frontend\src\components\admin\moderation\AdminModerationCenter.jsx,3705,2025-04-18 06:58:35Z
C:\CFH\frontend\src\components\admin\notifications\AdminNotificationCenter.jsx,3815,2025-04-27 22:36:39Z
C:\CFH\frontend\src\components\admin\notifications\AdminSmartAlertEngine.jsx,4696,2025-04-29 05:10:59Z
C:\CFH\frontend\src\components\admin\payments\AdminPaymentOverview.jsx,3803,2025-04-27 03:48:31Z
C:\CFH\frontend\src\components\admin\support\AdminSupportTickets.jsx,2464,2025-04-27 04:22:40Z
C:\CFH\frontend\src\components\admin\users\AdminUserManager.jsx,4026,2025-04-27 19:53:24Z
C:\CFH\frontend\src\components\ai\bidding\CompetitiveBiddingInterface.jsx,4012,2025-05-18 05:29:38Z
C:\CFH\frontend\src\components\auction\core\AuctionHistoryTracker.jsx,2844,2025-05-13 01:18:10Z
C:\CFH\frontend\src\components\auction\core\AuctionListingForm.jsx,4288,2025-05-13 21:16:56Z
C:\CFH\frontend\src\components\buyer\ai\AIPredictorDashboard.jsx,5483,2025-05-26 08:01:26Z
C:\CFH\frontend\src\components\common\compliance\ComplianceConsentForm.jsx,4803,2025-04-29 05:47:29Z
C:\CFH\frontend\src\components\common\security\UserSecuritySettings.jsx,7035,2025-04-29 05:47:40Z
C:\CFH\frontend\src\components\judge\components\DisputeCard.js,779,2025-05-30 01:28:10Z
C:\CFH\frontend\src\tests\admin\auction\AdminAuctionOverview.test.jsx,3091,2025-05-14 04:59:37Z
C:\CFH\frontend\src\tests\auction\core\AuctionHistoryTracker.test.jsx,2519,2025-05-13 21:18:46Z
C:\CFH\frontend\src\tests\auction\core\AuctionListingForm.test.jsx,2599,2025-05-13 01:19:24Z
C:\CFH\frontend\src\tests\components\auction\AuctionItemListing.test.tsx,10868,2025-07-03 21:22:53Z
C:\CFH\frontend\src\tests\components\auctions\AuctionItemListing.test.tsx,9574,2025-07-04 08:08:07Z
C:\CFH\frontend\src\tests\components\auctions\LiveAuctionStream.test.tsx,9574,2025-07-04 08:21:15Z
C:\CFH\frontend\src\tests\components\common\CurrencyConverterWidget.test.jsx,1913,2025-05-28 04:24:00Z
C:\CFH\frontend\src\tests\components\common\PredictiveGraph.test.jsx,2208,2025-05-28 04:24:00Z
C:\CFH\frontend\src\tests\components\common\ValuationDisplay.test.jsx,2327,2025-05-28 04:24:00Z
C:\CFH\frontend\src\tests\judge\ui\Spinner.test.jsx,395,2025-05-30 02:17:04Z
C:\CFH\frontend\src\tests\utils\graph\GraphExportService.test.js,2124,2025-05-28 04:24:00Z
C:\CFH\frontend\src\tests\utils\inspection\blurDetector.test.ts,1826,2025-06-17 04:27:20Z
C:\CFH\frontend\src\tests\judge\ui\global\PremiumBadge.test.jsx,608,2025-05-30 02:19:14Z
C:\CFH\backend\index.ts,252,2025-09-28 20:51:33Z
C:\CFH\backend\socket.js,3732,2025-06-24 04:42:54Z
C:\CFH\backend\socket.ts,5947,2025-09-30 07:10:10Z
C:\CFH\backend\routes\users.js,1089,2025-06-24 04:42:54Z
C:\CFH\backend\routes\users.ts,2855,2025-09-30 07:10:22Z
C:\CFH\backend\services\10 files BidHeatmapEngine.js,25462,2025-06-24 04:42:54Z
C:\CFH\backend\services\10 files BidHeatmapEngine.ts,24260,2025-09-30 07:11:22Z
C:\CFH\backend\services\auditLog.ts,723,2025-06-26 21:33:42Z
C:\CFH\backend\services\db.ts,490,2025-06-28 08:29:45Z
C:\CFH\backend\services\InspectionService.ts,3209,2025-07-08 03:17:32Z
C:\CFH\backend\services\NotificationService.ts,2748,2025-07-08 01:41:35Z
C:\CFH\backend\services\userProfileService.ts,1998,2025-06-26 21:33:43Z
C:\CFH\backend\socket\index.js,237,2025-06-26 16:56:59Z
C:\CFH\backend\socket\index.ts,1086,2025-09-30 07:11:24Z
C:\CFH\backend\socket\taskSocketEmitter.js,889,2025-06-24 04:42:54Z
C:\CFH\backend\socket\taskSocketEmitter.ts,2673,2025-09-30 07:11:36Z
C:\CFH\backend\tasks\equityFlowTasks.js,1654,2025-06-24 04:42:54Z
C:\CFH\backend\tests\apiHealthCheck.js,1440,2025-06-26 15:53:17Z
C:\CFH\backend\tests\apiHealthCheckFast.js,1617,2025-06-26 15:53:17Z
C:\CFH\backend\tests\apiTestSuite.js,4859,2025-06-26 15:53:17Z
C:\CFH\backend\tests\apiTestSuite2.js,7495,2025-06-26 15:53:17Z
C:\CFH\backend\tests\arTests.js,6428,2025-06-26 15:53:17Z
C:\CFH\backend\tests\arValidation.js,6140,2025-06-26 15:53:17Z
C:\CFH\backend\tests\bulkTestRunner.js,2099,2025-06-26 15:53:17Z
C:\CFH\backend\tests\bulkTestValidation.js,5305,2025-06-26 15:53:17Z
C:\CFH\backend\tests\coachPlanRoute.test.js,491,2025-06-26 15:53:17Z
C:\CFH\backend\tests\dashboardTests.js,2361,2025-06-26 15:53:17Z
C:\CFH\backend\tests\healthCheck.js,2065,2025-06-26 15:53:17Z
C:\CFH\backend\tests\healthCheckFast.js,1965,2025-06-26 15:53:17Z
C:\CFH\backend\tests\healthCheckValidation.js,6158,2025-06-26 15:53:17Z
C:\CFH\backend\tests\helpers.ts,339,2025-06-28 15:53:00Z
C:\CFH\backend\tests\integrationReport.js,2046,2025-06-26 15:53:17Z
C:\CFH\backend\tests\integrationReportValidation.js,4958,2025-06-26 15:53:17Z
C:\CFH\backend\tests\judgeApiTests.js,7543,2025-06-26 15:53:17Z
C:\CFH\backend\tests\notificationApiTests.js,5610,2025-06-26 15:53:17Z
C:\CFH\backend\tests\notificationTestValidation.js,5384,2025-06-26 15:53:17Z
C:\CFH\backend\tests\pathFixPrep.js,5267,2025-06-26 15:53:17Z
C:\CFH\backend\tests\pathFixScript.js,2735,2025-06-26 15:53:17Z
C:\CFH\backend\tests\pathFixValidator.js,1324,2025-06-26 15:53:17Z
C:\CFH\backend\tests\performanceTests.js,6279,2025-06-26 15:53:17Z
C:\CFH\backend\tests\performanceValidation.js,5665,2025-06-26 15:53:17Z
C:\CFH\backend\tests\scalabilityValidation.js,6164,2025-06-26 15:53:17Z
C:\CFH\backend\tests\setup.ts,1691,2025-06-27 07:16:33Z
C:\CFH\backend\tests\storageApiTests.js,7259,2025-06-26 15:53:17Z
C:\CFH\backend\tests\testRunner.js,1609,2025-06-26 15:53:17Z
C:\CFH\backend\tools\aliasCheck.js,321,2025-06-24 04:42:54Z
C:\CFH\backend\types\routes.d.ts,271,2025-06-26 21:35:38Z
C:\CFH\backend\types\utils.d.ts,4993,2025-06-28 01:28:08Z
C:\CFH\backend\utils\AIBidPredictor.ts,338,2025-06-28 08:39:16Z
C:\CFH\backend\utils\AIChatModerator.test.ts,315,2025-06-28 08:27:12Z
C:\CFH\backend\utils\AIChatModerator.ts,311,2025-06-28 08:27:12Z
C:\CFH\backend\utils\AIContractRiskAssessor.ts,250,2025-06-28 08:27:13Z
C:\CFH\backend\utils\AIDisputePredictor.test.ts,1852,2025-06-26 23:45:32Z
C:\CFH\backend\utils\AIDisputePredictor.ts,356,2025-06-28 08:27:13Z
C:\CFH\backend\utils\AIEscrowRiskAssessor.ts,339,2025-06-28 08:27:13Z
C:\CFH\backend\utils\AIFinancingRecommender.ts,270,2025-06-28 08:27:13Z
C:\CFH\backend\utils\AIFraudDetection.ts,168,2025-06-28 08:27:14Z
C:\CFH\backend\utils\AILenderMatchRecommender.ts,383,2025-06-28 08:27:14Z
C:\CFH\backend\utils\AILenderTermsAnalyzer.ts,245,2025-06-28 08:27:14Z
C:\CFH\backend\utils\AILoanRecommender.ts,322,2025-06-28 08:27:14Z
C:\CFH\backend\utils\AIMarketplaceAnalytics.ts,394,2025-06-28 15:52:58Z
C:\CFH\backend\utils\AIPricingEngine.ts,239,2025-06-28 23:43:39Z
C:\CFH\backend\utils\AIPricingEngineHybrid.ts,258,2025-06-28 23:43:43Z
C:\CFH\backend\utils\AIResolutionRecommender.ts,346,2025-06-28 08:27:15Z
C:\CFH\backend\utils\AIRideStrategyCoach.ts,178,2025-06-28 08:27:16Z
C:\CFH\backend\utils\AISellerNegotiationCoach.test.ts,478,2025-06-28 08:27:16Z
C:\CFH\backend\utils\AISellerNegotiationCoach.ts,339,2025-06-28 08:27:16Z
C:\CFH\backend\utils\analytics.ts,132,2025-06-28 08:18:20Z
C:\CFH\backend\utils\analyticsExportUtils.ts,382,2025-06-28 15:52:58Z
C:\CFH\backend\utils\BlockchainEscrowAudit.ts,444,2025-06-28 08:27:17Z
C:\CFH\backend\utils\buyerExportUtils.ts,303,2025-06-26 23:45:34Z
C:\CFH\backend\utils\cacheManager.ts,215,2025-06-26 23:45:34Z
C:\CFH\backend\utils\cod1HaulerReviewAI.ts,184,2025-06-28 08:27:17Z
C:\CFH\backend\utils\constants.ts,312,2025-06-28 08:27:17Z
C:\CFH\backend\utils\CrownAutoWire.ts,348,2025-06-28 08:27:17Z
C:\CFH\backend\utils\crypto.ts,113,2025-06-28 08:27:18Z
C:\CFH\backend\utils\DisputeResolutionHelper.ts,445,2025-06-28 15:52:58Z
C:\CFH\backend\utils\disputeUtils.ts,115,2025-06-28 08:18:20Z
C:\CFH\backend\utils\EmailDigestScheduler.ts,200,2025-06-28 23:43:51Z
C:\CFH\backend\utils\EquityFlowOrchestrator.ts,198,2025-06-28 23:43:55Z
C:\CFH\backend\utils\errors.ts,139,2025-06-28 08:22:15Z
C:\CFH\backend\utils\escrowLogic.ts,307,2025-06-26 23:45:34Z
C:\CFH\backend\utils\EscrowWarningEngine.ts,618,2025-06-28 08:27:18Z
C:\CFH\backend\utils\HaulerMissionsEngine.test.ts,283,2025-06-28 08:27:19Z
C:\CFH\backend\utils\HaulerMissionsEngine.ts,385,2025-06-28 08:27:19Z
C:\CFH\backend\utils\judgeModelUtils.ts,259,2025-06-26 23:45:34Z
C:\CFH\backend\utils\lenderExportUtils.ts,258,2025-06-26 23:45:34Z
C:\CFH\backend\utils\LenderMatchEngine.ts,342,2025-06-28 08:27:19Z
C:\CFH\backend\utils\LoanCalculatorWidget.ts,221,2025-06-28 08:27:20Z
C:\CFH\backend\utils\LoanMatchEngine.ts,273,2025-06-28 08:27:20Z
C:\CFH\backend\utils\logger.ts,550,2025-06-27 06:26:09Z
C:\CFH\backend\utils\LoyaltyProgramEngine.ts,326,2025-06-28 08:27:20Z
C:\CFH\backend\utils\notificationDispatcher.ts,352,2025-06-28 08:27:20Z
C:\CFH\backend\utils\notificationEnhancer.ts,388,2025-06-28 08:27:21Z
C:\CFH\backend\utils\notificationQueue.ts,822,2025-06-30 09:36:11Z
C:\CFH\backend\utils\notificationTrigger.ts,227,2025-06-26 23:45:34Z
C:\CFH\backend\utils\pdfGenerator.ts,190,2025-06-26 23:45:35Z
C:\CFH\backend\utils\PremiumChecker.ts,371,2025-06-28 08:27:21Z
C:\CFH\backend\utils\PushNotificationService.ts,297,2025-06-28 23:44:04Z
C:\CFH\backend\utils\redisClient.ts,320,2025-07-24 04:48:50Z
C:\CFH\backend\utils\reputationEngine.ts,252,2025-06-26 23:45:35Z
C:\CFH\backend\utils\RiskAssessmentEngine.test.ts,4579,2025-07-22 06:17:09Z
C:\CFH\backend\utils\RiskAssessmentEngine.ts,4413,2025-07-22 06:15:35Z
C:\CFH\backend\utils\scalabilityManager.ts,194,2025-06-26 23:45:35Z
C:\CFH\backend\utils\scoreUtils.ts,242,2025-06-26 23:45:35Z
C:\CFH\backend\utils\SellerBadgeEngine.ts,258,2025-06-28 08:27:22Z
C:\CFH\backend\utils\SmartDelayPredictor.test.ts,323,2025-06-26 23:45:34Z
C:\CFH\backend\utils\SmartDelayPredictor.ts,84,2025-06-28 08:18:21Z
C:\CFH\backend\utils\timeUtils.ts,428,2025-06-28 08:27:22Z
C:\CFH\backend\utils\validateInput.ts,189,2025-06-26 23:45:35Z
C:\CFH\backend\utils\vehicleUtils.ts,103,2025-06-28 08:18:20Z
C:\CFH\backend\validation\analytics.validation.js,735,2025-06-25 20:23:19Z
C:\CFH\backend\validation\analytics.validation.ts,177,2025-06-28 23:44:08Z
C:\CFH\backend\validation\auction.validation.ts,902,2025-07-08 03:23:12Z
C:\CFH\backend\validation\car.validation.ts,2100,2025-07-07 08:30:16Z
C:\CFH\backend\validation\dispute.validation.ts,1332,2025-07-07 07:50:52Z
C:\CFH\backend\validation\escrow.validation.js,1286,2025-06-25 20:23:19Z
C:\CFH\backend\validation\escrow.validation.ts,1301,2025-07-07 07:39:51Z
C:\CFH\backend\validation\evidence.validation.ts,735,2025-07-09 01:27:35Z
C:\CFH\backend\validation\inspection.validation.ts,1559,2025-07-09 01:30:48Z
C:\CFH\backend\validation\listing.validation.ts,2545,2025-07-07 04:30:44Z
C:\CFH\backend\validation\loanOffer.validation.ts,1459,2025-07-07 04:26:27Z
C:\CFH\backend\validation\message.validation.ts,906,2025-07-08 14:47:19Z
C:\CFH\backend\validation\mock.validation.ts,583,2025-07-08 23:11:49Z
C:\CFH\backend\validation\notification.validation.ts,1068,2025-07-08 01:40:45Z
C:\CFH\backend\validation\payment.validation.ts,1301,2025-07-08 00:59:19Z
C:\CFH\backend\validation\storage.validation.ts,1813,2025-07-08 00:40:28Z
C:\CFH\backend\validation\transport.validation.ts,1203,2025-07-07 23:58:32Z
C:\CFH\backend\validation\user.validation.ts,1022,2025-07-07 22:42:01Z
C:\CFH\backend\validation\verification.validation.ts,1050,2025-07-07 08:37:24Z
C:\CFH\backend\workers\notificationQueueWorker.ts,1463,2025-07-01 00:10:04Z
C:\CFH\backend\controllers\lender\LenderTermsExporter.ts,7458,2025-07-24 04:48:50Z
C:\CFH\backend\routes\user\userProfile.ts,747,2025-06-30 09:50:16Z
C:\CFH\backend\routes\user\userProfileRoutes.ts,690,2025-06-30 09:50:51Z
C:\CFH\backend\routes\utils\photoEvidenceRoutes.js,1160,2025-06-24 04:42:54Z
C:\CFH\backend\routes\utils\photoUploadRoutes.js,1535,2025-06-24 04:42:54Z
C:\CFH\backend\routes\valuation\valuationRoutes.test.ts,1762,2025-07-01 03:14:43Z
C:\CFH\backend\routes\valuation\valuationRoutes.ts,2203,2025-07-01 03:09:19Z
C:\CFH\backend\services\ai\AIBidPredictor.ts,338,2025-06-28 08:22:17Z
C:\CFH\backend\services\ai\aiBodyShopMatchingService.test.ts,10367,2025-07-05 01:09:39Z
C:\CFH\backend\services\ai\aiBodyShopMatchingService.ts,8992,2025-07-05 00:39:37Z
C:\CFH\backend\services\ai\aiConflictResolutionService.ts,11882,2025-07-04 23:01:44Z
C:\CFH\backend\services\ai\aiDamageAssessmentService.ts,8771,2025-07-04 17:33:52Z
C:\CFH\backend\services\ai\aiJobPredictorService.ts,8270,2025-07-05 00:12:05Z
C:\CFH\backend\services\ai\AILoanRecommender.ts,333,2025-06-28 08:22:17Z
C:\CFH\backend\services\ai\DamageAssessmentService.ts,8376,2025-07-04 23:26:32Z
C:\CFH\backend\services\ai\Heatmap.js,1238,2025-06-24 04:42:54Z
C:\CFH\backend\services\ai\index.ts,239,2025-06-26 23:21:01Z
C:\CFH\backend\services\ai\insights.js,1896,2025-06-24 04:42:54Z
C:\CFH\backend\services\ai\InsightsService.ts,164,2025-06-26 16:54:21Z
C:\CFH\backend\services\ai\MLModel.js,5196,2025-06-24 04:42:54Z
C:\CFH\backend\services\ai\partsOrderingService.test.ts,9939,2025-07-05 00:27:56Z
C:\CFH\backend\services\ai\partsOrderingService.ts,8407,2025-07-05 00:23:27Z
C:\CFH\backend\services\ai\PartsOrderService.ts,7925,2025-07-04 23:57:48Z
C:\CFH\backend\services\ai\PredictionEngine.js,2052,2025-06-24 04:42:54Z
C:\CFH\backend\services\ai\RecommendationEngine.js,1838,2025-06-24 04:42:54Z
C:\CFH\backend\services\ai\ShopMatchingService.ts,8383,2025-07-04 23:41:51Z
C:\CFH\backend\services\ai\TrendAnimation.js,1399,2025-06-24 04:42:54Z
C:\CFH\backend\services\ai\TrustScoreEngine.js,4258,2025-06-24 04:42:54Z
C:\CFH\backend\services\ai\TrustScoreEngine.ts,313,2025-06-28 08:22:17Z
C:\CFH\backend\services\ai\ValuationForecastingService.ts,1020,2025-07-01 03:26:24Z
C:\CFH\backend\services\ai\ValuationMetricsService.js,3309,2025-06-24 04:42:54Z
C:\CFH\backend\services\ai\ValuationMetricsService.ts,356,2025-06-28 08:22:18Z
C:\CFH\backend\services\analytics\analytics.service.js,963,2025-06-25 20:23:18Z
C:\CFH\backend\services\analytics\analytics.service.ts,6750,2025-07-03 07:18:00Z
C:\CFH\backend\services\analytics\AuctionPerformance.js,2646,2025-06-24 04:42:54Z
C:\CFH\backend\services\analytics\BidHeatmapService.ts,845,2025-07-01 00:16:47Z
C:\CFH\backend\services\analytics\InsightGenerator.js,2739,2025-06-24 04:42:54Z
C:\CFH\backend\services\analytics\service.ts,8816,2025-07-02 23:50:12Z
C:\CFH\backend\services\analytics\UserBehaviorTracker.js,2037,2025-06-24 04:42:54Z
C:\CFH\backend\services\ar\index.ts,226,2025-06-26 23:21:02Z
C:\CFH\backend\services\auction\aiBidService.ts,4139,2025-07-03 22:08:42Z
C:\CFH\backend\services\auction\AIBidStarter.js,1856,2025-06-24 04:42:54Z
C:\CFH\backend\services\auction\AIEquityFinancer.js,1718,2025-06-24 04:42:54Z
C:\CFH\backend\services\auction\auctionAnalyticsService.ts,7130,2025-07-03 21:23:43Z
C:\CFH\backend\services\auction\AuctionGamificationEngine.js,3046,2025-06-24 04:42:54Z
C:\CFH\backend\services\auction\AuctionHistory.js,2200,2025-06-24 04:42:54Z
C:\CFH\backend\services\auction\AuctionHistory.ts,159,2025-06-26 15:47:33Z
C:\CFH\backend\services\auction\AuctionManager.js,3376,2025-06-24 04:42:54Z
C:\CFH\backend\services\auction\AuctionManager.ts,925,2025-07-01 00:17:07Z
C:\CFH\backend\services\auction\AuctionMetrics.js,2637,2025-06-24 04:42:54Z
C:\CFH\backend\services\auction\AuctionMetrics.ts,173,2025-06-26 15:47:20Z
C:\CFH\backend\services\auction\AuctionNotifier.js,2178,2025-06-24 04:42:54Z
C:\CFH\backend\services\auction\AuctionNotifier.ts,284,2025-06-28 15:52:58Z
C:\CFH\backend\services\auction\AuctionScheduler.js,2385,2025-06-24 04:42:54Z
C:\CFH\backend\services\auction\AuctionScheduler.ts,171,2025-06-26 15:47:46Z
C:\CFH\backend\services\auction\auctionService.ts,12937,2025-07-03 06:32:37Z
C:\CFH\backend\services\auction\AuctionTemplateEngine.js,2012,2025-06-24 04:42:54Z
C:\CFH\backend\services\auction\BidHeatmapEngine.js,2589,2025-06-24 04:42:54Z
C:\CFH\backend\services\auction\BidService.ts,297,2025-06-26 23:20:59Z
C:\CFH\backend\services\auction\BidValidator.ts,147,2025-06-28 08:22:16Z
C:\CFH\backend\services\auction\gamificationService.ts,8204,2025-07-04 08:02:14Z
C:\CFH\backend\services\auction\proxyBiddingEngine.ts,6581,2025-07-03 21:10:08Z
C:\CFH\backend\services\auth\AuthService.ts,1397,2025-07-01 00:17:52Z
C:\CFH\backend\services\blockchain\BlockchainAdapter.js,8066,2025-06-24 04:42:54Z
C:\CFH\backend\services\blockchain\BlockchainAdapter.ts,163,2025-06-26 16:54:21Z
C:\CFH\backend\services\blockchain\BlockchainLedger.js,2267,2025-06-24 04:42:54Z
C:\CFH\backend\services\blockchain\CryptoPayment.js,1835,2025-06-24 04:42:54Z
C:\CFH\backend\services\blockchain\index.ts,248,2025-06-26 23:21:02Z
C:\CFH\backend\services\bodyshop\estimateService.ts,19056,2025-07-04 17:19:40Z
C:\CFH\backend\services\bodyshop\jobService.ts,18860,2025-07-04 17:15:12Z
C:\CFH\backend\services\bodyshop\shopProfileService.ts,24261,2025-07-04 17:39:04Z
C:\CFH\backend\services\cache\CacheService.ts,167,2025-06-26 21:26:23Z
C:\CFH\backend\services\cache\index.ts,215,2025-06-26 23:21:01Z
C:\CFH\backend\services\communication\MessagingService.js,2203,2025-06-24 04:42:54Z
C:\CFH\backend\services\db\DBService.ts,153,2025-06-26 16:54:21Z
C:\CFH\backend\services\db\index.ts,2260,2025-06-27 06:36:11Z
C:\CFH\backend\services\escrow\BlockchainEscrowAudit.ts,363,2025-06-28 08:22:18Z
C:\CFH\backend\services\escrow\EscrowAuditService.js,3611,2025-06-24 04:42:54Z
C:\CFH\backend\services\escrow\EscrowAuditService.ts,538,2025-06-30 09:36:11Z
C:\CFH\backend\services\escrow\EscrowChainSync.js,3521,2025-06-24 04:42:54Z
C:\CFH\backend\services\escrow\EscrowChainSync.ts,354,2025-06-28 08:22:18Z
C:\CFH\backend\services\escrow\EscrowNotificationService.js,2784,2025-06-24 04:42:54Z
C:\CFH\backend\services\escrow\EscrowService.ts,2047,2025-06-28 15:52:58Z
C:\CFH\backend\services\exchange\index.ts,238,2025-06-26 23:21:02Z
C:\CFH\backend\services\final\FinalTesting.js,1660,2025-06-24 04:42:54Z
C:\CFH\backend\services\final\PerformanceMonitor.js,1416,2025-06-24 04:42:54Z
C:\CFH\backend\services\final\SecurityAudit.js,2234,2025-06-24 04:42:54Z
C:\CFH\backend\services\final\UserAnalyticsReport.js,2494,2025-06-24 04:42:54Z
C:\CFH\backend\services\financing\BlindInvestor.js,2906,2025-06-24 04:42:54Z
C:\CFH\backend\services\insurance\InsuranceProvider.js,3058,2025-06-24 04:42:54Z
C:\CFH\backend\services\integrations\insuranceIntegrationService.ts,10015,2025-07-04 22:20:52Z
C:\CFH\backend\services\lender\LenderTermsExporter.js,400,2025-06-25 06:58:59Z
C:\CFH\backend\services\lender\LenderTermsService.ts,2661,2025-07-06 18:04:11Z
C:\CFH\backend\services\mechanic\mechanicFeedbackService.ts,5058,2025-07-06 19:25:45Z
C:\CFH\backend\services\mobile\MobileBidHandler.js,2239,2025-06-24 04:42:54Z
C:\CFH\backend\services\mobile\MobileNotifications.js,2665,2025-06-24 04:42:54Z
C:\CFH\backend\services\notification\index.ts,238,2025-06-26 23:21:00Z
C:\CFH\backend\services\notification\NotificationService.ts,2043,2025-07-01 00:10:04Z
C:\CFH\backend\services\notification\reminderService.ts,12795,2025-07-04 22:50:54Z
C:\CFH\backend\services\officer\AuditLogViewer.js,2533,2025-06-24 04:42:54Z
C:\CFH\backend\services\officer\ComplianceChecker.js,2911,2025-06-24 04:42:54Z
C:\CFH\backend\services\officer\DisputeManager.js,2765,2025-06-24 04:42:54Z
C:\CFH\backend\services\officer\ListingApproval.js,2928,2025-06-24 04:42:54Z
C:\CFH\backend\services\officer\PlatformMonitor.js,2481,2025-06-24 04:42:54Z
C:\CFH\backend\services\officer\UserManagement.js,2534,2025-06-24 04:42:54Z
C:\CFH\backend\services\onboarding\PreferencesSetup.js,2204,2025-06-24 04:42:54Z
C:\CFH\backend\services\onboarding\UserOnboarding.js,2021,2025-06-24 04:42:54Z
C:\CFH\backend\services\onboarding\WelcomeNotification.js,2372,2025-06-24 04:42:54Z
C:\CFH\backend\services\operational\ComplianceEnhancer.js,2285,2025-06-24 04:42:54Z
C:\CFH\backend\services\operational\ErrorHandler.js,1726,2025-06-24 04:42:54Z
C:\CFH\backend\services\operational\FeedbackReport.js,1732,2025-06-24 04:42:54Z
C:\CFH\backend\services\operational\FeedbackSystem.js,2656,2025-06-24 04:42:54Z
C:\CFH\backend\services\operational\LaunchChecklist.js,2319,2025-06-24 04:42:54Z
C:\CFH\backend\services\operational\PaymentProcessor.js,2577,2025-06-24 04:42:54Z
C:\CFH\backend\services\operational\PerformanceOptimizer.js,2125,2025-06-24 04:42:54Z
C:\CFH\backend\services\payment\index.ts,283,2025-06-26 23:21:03Z
C:\CFH\backend\services\payments\PaymentService.ts,144,2025-06-28 16:24:55Z
C:\CFH\backend\services\premium\AIAuctionSimulator.js,3065,2025-06-24 04:42:54Z
C:\CFH\backend\services\premium\AIInsightBuyer.js,2857,2025-06-24 04:42:54Z
C:\CFH\backend\services\premium\AIInsightSeller.js,3046,2025-06-24 04:42:54Z
C:\CFH\backend\services\premium\AIRecommendationEngine.js,1670,2025-06-24 04:42:54Z
C:\CFH\backend\services\premium\ARVehicleView.js,1914,2025-06-24 04:42:54Z
C:\CFH\backend\services\premium\BlockchainAudit.js,2559,2025-06-24 04:42:54Z
C:\CFH\backend\services\premium\CrossBorderCommerce.js,2508,2025-06-24 04:42:54Z
C:\CFH\backend\services\premium\DynamicPricing.js,2852,2025-06-24 04:42:54Z
C:\CFH\backend\services\premium\LiveStreamAuction.js,1811,2025-06-24 04:42:54Z
C:\CFH\backend\services\premium\LoyaltyRewards.js,2745,2025-06-24 04:42:54Z
C:\CFH\backend\services\premium\PostAuctionInsights.js,3129,2025-06-24 04:42:54Z
C:\CFH\backend\services\premium\PredictiveAssistant.js,3968,2025-06-24 04:42:54Z
C:\CFH\backend\services\premium\PremiumSupportChat.js,2265,2025-06-24 04:42:54Z
C:\CFH\backend\services\premium\RealTimePredictor.js,2604,2025-06-24 04:42:54Z
C:\CFH\backend\services\premium\SocialGamification.js,6491,2025-06-24 04:42:54Z
C:\CFH\backend\services\premium\SocialShareHelper.js,2296,2025-06-24 04:42:54Z
C:\CFH\backend\services\premium\VirtualAuctionRoom.js,2113,2025-06-24 04:42:54Z
C:\CFH\backend\services\premium\VoiceBidAssistant.js,2855,2025-06-24 04:42:54Z
C:\CFH\backend\services\premium\VRVehicleTour.js,2287,2025-06-24 04:42:54Z
C:\CFH\backend\services\security\DDoSProtector.js,1640,2025-06-24 04:42:54Z
C:\CFH\backend\services\security\index.ts,192,2025-06-26 23:21:03Z
C:\CFH\backend\services\security\RateLimiter.js,1661,2025-06-24 04:42:54Z
C:\CFH\backend\services\security\SecurityLogger.js,1643,2025-06-24 04:42:54Z
C:\CFH\backend\services\security\SessionValidator.js,3511,2025-06-24 04:42:54Z
C:\CFH\backend\services\seo\SEOHelper.js,2056,2025-06-24 04:42:54Z
C:\CFH\backend\services\social\index.ts,233,2025-06-26 23:21:02Z
C:\CFH\backend\services\storage\StorageAuction.js,4565,2025-06-24 04:42:54Z
C:\CFH\backend\services\streaming\liveStreamService.ts,6151,2025-07-04 08:04:27Z
C:\CFH\backend\services\user\UserActivity.js,1474,2025-06-24 04:42:54Z
C:\CFH\backend\services\user\UserActivity.ts,311,2025-06-28 08:22:19Z
C:\CFH\backend\services\user\UserAuth.js,2224,2025-06-24 04:42:54Z
C:\CFH\backend\services\user\UserAuth.ts,343,2025-06-28 08:22:19Z
C:\CFH\backend\services\user\UserNotifications.js,2790,2025-06-24 04:42:54Z
C:\CFH\backend\services\user\UserNotifications.ts,209,2025-06-26 21:26:24Z
C:\CFH\backend\services\user\UserPreferences.js,2310,2025-06-24 04:42:54Z
C:\CFH\backend\services\user\UserPreferences.ts,207,2025-06-26 21:26:24Z
C:\CFH\backend\services\user\UserProfile.js,1996,2025-06-24 04:42:54Z
C:\CFH\backend\services\user\UserProfileService.ts,530,2025-06-28 08:22:19Z
C:\CFH\backend\services\user\UserSettings.js,2173,2025-06-24 04:42:54Z
C:\CFH\backend\services\user\UserSettings.ts,203,2025-06-26 21:26:24Z
C:\CFH\backend\services\valuation\ReportService.ts,1907,2025-07-01 02:06:41Z
C:\CFH\backend\services\valuation\ValuationService.ts,1537,2025-07-01 03:10:11Z
C:\CFH\backend\services\vin\VinDecoderService.ts,1211,2025-07-01 03:11:10Z
C:\CFH\backend\services\voice\index.ts,270,2025-06-26 23:21:01Z
C:\CFH\backend\services\vr\index.ts,261,2025-06-26 23:21:00Z
C:\CFH\backend\services\websocket\index.ts,259,2025-06-26 23:21:01Z
C:\CFH\backend\services\websocket\WebSocketCluster.js,1330,2025-06-24 04:42:54Z
C:\CFH\backend\services\websocket\WebSocketService.js,1715,2025-06-24 04:42:54Z
C:\CFH\backend\tests\ai\Heatmap.test.js,2325,2025-06-26 15:53:17Z
C:\CFH\backend\tests\ai\PredictionEngine.test.js,2466,2025-06-26 15:53:17Z
C:\CFH\backend\tests\ai\RecommendationEngine.test.js,2710,2025-06-26 15:53:17Z
C:\CFH\backend\tests\ai\TrendAnimation.test.js,2783,2025-06-26 15:53:17Z
C:\CFH\backend\tests\analytics\analytics.service.test.js,2238,2025-06-26 15:53:17Z
C:\CFH\backend\tests\analytics\analytics.service.test.ts,756,2025-06-28 21:40:22Z
C:\CFH\backend\tests\auction\AuctionHistory.test.js,3713,2025-06-26 15:53:17Z
C:\CFH\backend\tests\auction\AuctionManager.test.js,4368,2025-06-26 15:53:17Z
C:\CFH\backend\tests\auction\AuctionMetrics.test.js,3681,2025-06-26 15:53:17Z
C:\CFH\backend\tests\auction\AuctionNotifier.test.js,3557,2025-06-26 15:53:17Z
C:\CFH\backend\tests\auction\AuctionReputationTracker.test.js,3199,2025-06-26 15:53:17Z
C:\CFH\backend\tests\auction\AuctionScheduler.test.js,4281,2025-06-26 15:53:17Z
C:\CFH\backend\tests\auction\BidHeatmapService.test.ts,879,2025-06-30 09:48:48Z
C:\CFH\backend\tests\auction\BidValidator.test.js,2464,2025-06-26 15:53:17Z
C:\CFH\backend\tests\auctions\auctions.test.js,2044,2025-06-26 15:53:17Z
C:\CFH\backend\tests\auctions\auctions.test.ts,640,2025-06-28 21:40:23Z
C:\CFH\backend\tests\auctions\BidHeatmapService.test.ts,878,2025-06-30 09:36:11Z
C:\CFH\backend\tests\config\AuctionConfig.test.js,2398,2025-06-26 15:53:17Z
C:\CFH\backend\tests\controllers\NotificationController.test.ts,4923,2025-07-08 01:43:26Z
C:\CFH\backend\tests\escrow\escrow.service.test.js,2878,2025-06-26 15:53:17Z
C:\CFH\backend\tests\escrow\escrow.service.test.ts,2451,2025-06-28 21:40:23Z
C:\CFH\backend\tests\escrow\EscrowIntegrationTest.js,1997,2025-06-26 15:53:17Z
C:\CFH\backend\tests\escrow\EscrowService.test.ts,880,2025-06-28 21:40:23Z
C:\CFH\backend\tests\final\FinalTesting.test.js,2280,2025-06-26 15:53:17Z
C:\CFH\backend\tests\final\SecurityAudit.test.js,3531,2025-06-26 15:53:17Z
C:\CFH\backend\tests\final\UserAnalyticsReport.test.js,2876,2025-06-26 15:53:17Z
C:\CFH\backend\tests\insurance\InsuranceIntegrationTest.js,4284,2025-06-26 15:53:17Z
C:\CFH\backend\tests\integration\escrow.integration.test.ts,627,2025-06-28 21:44:38Z
C:\CFH\backend\tests\middleware\auth.test.ts,1140,2025-07-01 03:18:00Z
C:\CFH\backend\tests\middleware\rateLimiter.test.ts,768,2025-07-01 03:18:32Z
C:\CFH\backend\tests\middleware\RBACMiddleware.test.ts,202,2025-06-28 21:44:38Z
C:\CFH\backend\tests\middleware\redisCache.test.ts,3031,2025-07-01 02:58:36Z
C:\CFH\backend\tests\middleware\tierCheck.test.ts,7089,2025-07-02 16:58:15Z
C:\CFH\backend\tests\mobile\MobileBidHandler.test.js,3944,2025-06-26 15:53:17Z
C:\CFH\backend\tests\mobile\MobileNotifications.test.js,4587,2025-06-26 15:53:17Z
C:\CFH\backend\tests\mocks\db.js,1248,2025-06-26 15:53:17Z
C:\CFH\backend\tests\officer\AuditLogViewer.test.js,3839,2025-06-26 15:53:17Z
C:\CFH\backend\tests\officer\ComplianceChecker.test.js,4475,2025-06-26 15:53:17Z
C:\CFH\backend\tests\officer\DisputeManager.test.js,4358,2025-06-26 15:53:17Z
C:\CFH\backend\tests\officer\ListingApproval.test.js,4837,2025-06-26 15:53:17Z
C:\CFH\backend\tests\officer\PlatformMonitor.test.js,3997,2025-06-26 15:53:17Z
C:\CFH\backend\tests\officer\UserManagement.test.js,4010,2025-06-26 15:53:17Z
C:\CFH\backend\tests\onboarding\PreferencesSetup.test.js,2856,2025-06-26 15:53:17Z
C:\CFH\backend\tests\onboarding\UserOnboarding.test.js,2817,2025-06-26 15:53:17Z
C:\CFH\backend\tests\onboarding\WelcomeNotification.test.js,3508,2025-06-26 15:53:17Z
C:\CFH\backend\tests\operational\ComplianceEnhancer.test.js,3090,2025-06-26 15:53:17Z
C:\CFH\backend\tests\operational\ErrorHandler.test.js,3135,2025-06-26 15:53:17Z
C:\CFH\backend\tests\operational\FeedbackSystem.test.js,4010,2025-06-26 15:53:17Z
C:\CFH\backend\tests\operational\LaunchChecklist.test.js,3666,2025-06-26 15:53:17Z
C:\CFH\backend\tests\operational\PaymentProcessor.test.js,3882,2025-06-26 15:53:17Z
C:\CFH\backend\tests\operational\PerformanceOptimizer.test.js,3109,2025-06-26 15:53:17Z
C:\CFH\backend\tests\payments\PaymentService.test.ts,317,2025-06-28 21:44:38Z
C:\CFH\backend\tests\premium\AIAuctionSimulator.test.js,3898,2025-06-26 15:53:17Z
C:\CFH\backend\tests\premium\AIInsightBuyer.test.js,4236,2025-06-26 15:53:17Z
C:\CFH\backend\tests\premium\AIInsightSeller.test.js,4254,2025-06-26 15:53:17Z
C:\CFH\backend\tests\premium\ARVehicleView.test.js,3256,2025-06-26 15:53:17Z
C:\CFH\backend\tests\premium\BlockchainAudit.test.js,3935,2025-06-26 15:53:17Z
C:\CFH\backend\tests\premium\CrossBorderCommerce.test.js,3919,2025-06-26 15:53:17Z
C:\CFH\backend\tests\premium\DynamicPricing.test.js,4123,2025-06-26 15:53:17Z
C:\CFH\backend\tests\premium\LoyaltyRewards.test.js,4034,2025-06-26 15:53:17Z
C:\CFH\backend\tests\premium\PostAuctionInsights.test.js,4711,2025-06-26 15:53:17Z
C:\CFH\backend\tests\premium\PremiumSupportChat.test.js,3881,2025-06-26 15:53:17Z
C:\CFH\backend\tests\premium\RealTimePredictor.test.js,4209,2025-06-26 15:53:17Z
C:\CFH\backend\tests\premium\SocialGamification.test.js,3488,2025-06-26 15:53:17Z
C:\CFH\backend\tests\premium\SocialShareHelper.test.js,3901,2025-06-26 15:53:17Z
C:\CFH\backend\tests\premium\VirtualAuctionRoom.test.js,3990,2025-06-26 15:53:17Z
C:\CFH\backend\tests\premium\VoiceBidAssistant.test.js,4515,2025-06-26 15:53:17Z
C:\CFH\backend\tests\premium\VRVehicleTour.test.js,3791,2025-06-26 15:53:17Z
C:\CFH\backend\tests\regression\WowRegression.test.js,147,2025-06-26 21:53:08Z
C:\CFH\backend\tests\security\RateLimiter.test.js,2763,2025-06-26 15:53:17Z
C:\CFH\backend\tests\security\SessionValidator.test.js,3198,2025-06-26 15:53:17Z
C:\CFH\backend\tests\services\SecurityLogger.test.js,2936,2025-06-26 15:53:17Z
C:\CFH\backend\tests\socket\socket.test.js,386,2025-06-26 15:53:17Z
C:\CFH\backend\tests\user\UserActivity.test.js,2471,2025-06-26 15:53:17Z
C:\CFH\backend\tests\user\UserAuth.test.js,2958,2025-06-26 15:53:17Z
C:\CFH\backend\tests\user\UserNotifications.test.js,4372,2025-06-26 15:53:17Z
C:\CFH\backend\tests\user\UserPreferences.test.js,3575,2025-06-26 15:53:17Z
C:\CFH\backend\tests\user\UserProfile.test.js,2669,2025-06-26 15:53:17Z
C:\CFH\backend\tests\user\UserSettings.test.js,3352,2025-06-26 15:53:17Z
C:\CFH\backend\tests\utils\AIChatModerator.test.ts,358,2025-06-29 07:48:23Z
C:\CFH\backend\tests\utils\AIDisputePredictor.test.ts,898,2025-06-29 07:50:24Z
C:\CFH\backend\tests\utils\AISellerNegotiationCoach.test.ts,554,2025-06-29 07:52:25Z
C:\CFH\backend\tests\utils\HaulerMissionsEngine.test.ts,323,2025-06-29 07:54:25Z
C:\CFH\backend\tests\utils\logger.test.js,638,2025-06-26 15:53:17Z
C:\CFH\backend\tests\utils\SmartDelayPredictor.test.ts,281,2025-06-29 07:46:23Z
C:\CFH\backend\tests\workers\NotificationWorker.test.ts,680,2025-06-30 09:36:11Z
C:\CFH\backend\types\express\index.d.ts,110,2025-06-28 08:20:16Z
C:\CFH\backend\utils\ai\AIInspectionDamageClassifier.ts,195,2025-06-28 08:27:12Z
C:\CFH\backend\utils\ai\MechanicAIExplainer.ts,149,2025-06-28 08:27:12Z
C:\CFH\backend\utils\arbitration\AIDisputePredictor.ts,356,2025-06-28 08:27:16Z
C:\CFH\backend\utils\arbitration\arbitrationExportTools.ts,369,2025-06-26 23:45:35Z
C:\CFH\backend\utils\auction\AIInsightEngine.ts,320,2025-06-26 23:45:35Z
C:\CFH\backend\utils\auction\AuctionAnalyticsScheduler.ts,205,2025-06-28 23:43:47Z
C:\CFH\backend\utils\auction\AuctionTimer.ts,299,2025-06-28 08:39:16Z
C:\CFH\backend\utils\blockchain\BlockchainInspectionAudit.ts,3404,2025-07-06 19:32:35Z
C:\CFH\backend\utils\escrow\EscrowAuditLogStore.ts,159,2025-06-28 08:27:18Z
C:\CFH\backend\utils\escrow\EscrowAutoReleaseEngine.ts,234,2025-06-26 23:45:35Z
C:\CFH\backend\utils\escrow\EscrowBlockchainExporter.ts,244,2025-06-26 23:45:35Z
C:\CFH\backend\utils\escrow\EscrowDisputeLinker.ts,318,2025-06-26 23:45:36Z
C:\CFH\backend\utils\escrow\EscrowFinalizationChecklist.ts,2110,2025-06-26 23:45:36Z
C:\CFH\backend\utils\escrow\EscrowTransactionPDFExporter.ts,282,2025-06-26 23:45:36Z
C:\CFH\backend\utils\exportUtils\arbitrationExportTools.ts,340,2025-06-28 23:43:59Z
C:\CFH\backend\utils\exportUtils\pdfExportService.ts,190,2025-06-26 23:45:36Z
C:\CFH\backend\utils\insurance\InsuranceMarketPredictor.ts,361,2025-06-28 08:27:19Z
C:\CFH\backend\utils\insurance\InsuranceQuoteAnalyzer.ts,203,2025-06-26 23:45:36Z
C:\CFH\backend\utils\mechanic\MechanicAIRepairRecommender.ts,238,2025-06-26 23:45:36Z
C:\CFH\backend\utils\mechanic\MechanicBadgeCelebrationLogic.ts,215,2025-06-26 23:45:36Z
C:\CFH\backend\utils\mechanic\MechanicInspectionReportBuilder.ts,240,2025-06-26 23:45:36Z
C:\CFH\backend\utils\mechanic\MechanicLeaderboard.ts,199,2025-06-26 23:45:36Z
C:\CFH\backend\utils\mechanic\MechanicVoiceDictation.ts,216,2025-06-26 23:45:36Z
C:\CFH\backend\utils\mechanic\RepairCostPredictor.ts,256,2025-06-28 08:39:16Z
C:\CFH\backend\utils\mechanic\ReportSharer.ts,209,2025-06-26 23:45:36Z
C:\CFH\backend\validation\analytics\analytics.validation.ts,9880,2025-07-03 20:13:57Z
C:\CFH\backend\validation\analytics\validation.ts,5075,2025-07-03 06:07:45Z
C:\CFH\backend\validation\bodyshop\estimateValidation.ts,8002,2025-07-04 19:52:02Z
C:\CFH\backend\tests\controllers\lender\LenderTermsExporter.test.ts,3631,2025-07-24 04:48:50Z
C:\CFH\backend\tests\routes\ai\insights.test.js,3807,2025-06-26 15:53:17Z
C:\CFH\backend\tests\routes\auctions\auctionManagement.test.ts,17597,2025-07-03 07:12:39Z
C:\CFH\backend\tests\routes\auctions\auctionRoutes.test.ts,7703,2025-07-03 22:09:58Z
C:\CFH\backend\tests\routes\bodyshop\estimateRoutes.test.ts,20949,2025-07-04 18:41:24Z
C:\CFH\backend\tests\routes\buyer\auctions.test.js,2710,2025-06-26 15:53:17Z
C:\CFH\backend\tests\routes\escrow\EscrowRoutes.test.ts,1373,2025-06-29 03:22:56Z
C:\CFH\backend\tests\services\ai\aiConflictResolutionService.test.ts,12522,2025-07-04 23:09:24Z
C:\CFH\backend\tests\services\ai\aiDamageAssessmentService.test.ts,8892,2025-07-04 18:01:49Z
C:\CFH\backend\tests\services\ai\aiJobPredictorService.test.ts,8687,2025-07-05 00:18:09Z
C:\CFH\backend\tests\services\ai\DamageAssessmentService.test.ts,9473,2025-07-04 23:26:23Z
C:\CFH\backend\tests\services\ai\PartsOrderService.test.ts,8767,2025-07-05 00:02:38Z
C:\CFH\backend\tests\services\ai\PredictionEngine.test.js,6613,2025-06-26 15:53:17Z
C:\CFH\backend\tests\services\ai\ShopMatchingService.test.ts,9778,2025-07-04 23:50:16Z
C:\CFH\backend\tests\services\ai\TrustScoreEngine.test.js,336,2025-06-26 21:53:07Z
C:\CFH\backend\tests\services\ai\ValuationForecastingService.test.ts,808,2025-07-01 03:17:11Z
C:\CFH\backend\tests\services\ai\ValuationMetricsService.test.js,377,2025-06-26 21:53:08Z
C:\CFH\backend\tests\services\analytics\test.ts,9666,2025-07-03 00:12:27Z
C:\CFH\backend\tests\services\auction\aiBidService.test.ts,6205,2025-07-04 08:09:34Z
C:\CFH\backend\tests\services\bodyshop\estimateService.test.ts,16768,2025-07-04 17:57:54Z
C:\CFH\backend\tests\services\bodyshop\shopProfileService.test.ts,18995,2025-07-04 18:06:07Z
C:\CFH\backend\tests\services\escrow\escrow.service.test.ts,2451,2025-06-28 21:44:38Z
C:\CFH\backend\tests\services\escrow\EscrowAuditService.test.js,5669,2025-06-26 15:53:17Z
C:\CFH\backend\tests\services\escrow\EscrowAuditService.test.ts,898,2025-06-30 09:36:11Z
C:\CFH\backend\tests\services\escrow\EscrowChainSync.test.js,3684,2025-06-26 15:53:17Z
C:\CFH\backend\tests\services\escrow\EscrowNotificationService.test.js,395,2025-06-26 21:53:07Z
C:\CFH\backend\tests\services\integrations\insuranceIntegrationService.test.ts,12302,2025-07-04 22:26:51Z
C:\CFH\backend\tests\services\lender\LenderTermsExporter.test.js,2113,2025-06-26 15:53:17Z
C:\CFH\backend\tests\services\notifications\NotificationService.test.ts,2099,2025-06-30 09:48:11Z
C:\CFH\backend\tests\services\notifications\reminderService.test.ts,9584,2025-07-04 19:03:42Z
C:\CFH\backend\tests\services\payments\PaymentService.test.ts,317,2025-06-28 21:40:23Z
C:\CFH\backend\tests\services\valuation\ValuationService.test.ts,1245,2025-07-01 03:15:54Z
C:\CFH\backend\tests\services\vin\VinDecoderService.test.ts,883,2025-07-01 03:16:34Z
C:\CFH\backend\tests\validation\bodyshop\estimateValidation.test.ts,14198,2025-07-04 19:59:12Z
C:\CFH\backend\tests\routes\disputes\analytics\arbitrator-performance.test.js,2735,2025-06-26 15:53:17Z
